Name,US State/District,Party Affiliation,Ballot 1,Ballot 2,Ballot 3,Ballot 4,Ballot 5,Ballot 6,Ballot 7,Ballot 8,Ballot 9,Ballot 10,Ballot 11
"Adams, Alma",North Carolina 12th,Democratic Party,Hakeem Jeffries,Hakeem Jeffries,Hakeem Jeffries,Hakeem Jeffries,Hakeem Jeffries,Hakeem Jeffries,Hakeem Jeffries,Hakeem Jeffries,Hakeem Jeffries,Hakeem Jeffries,Hakeem Jeffries
"Aderholt, Robert",Alabama 4th,Republican Party,Kevin McCarthy,Kevin McCarthy,Kevin McCarthy,Kevin McCarthy,Kevin McCarthy,Kevin McCarthy,Kevin McCarthy,Kevin McCarthy,Kevin McCarthy,Kevin McCarthy,Kevin McCarthy
"Aguilar, Pete",California 33rd,Democratic Party,Hakeem Jeffries,Hakeem Jeffries,Hakeem Jeffries,Hakeem Jeffries,Hakeem Jeffries,Hakeem Jeffries,Hakeem Jeffries,Hakeem Jeffries,Hakeem Jeffries,Hakeem Jeffries,Hakeem Jeffries
"Alford, Mark",Missouri 4th,Republican Party,Kevin McCarthy,Kevin McCarthy,Kevin McCarthy,Kevin McCarthy,Kevin McCarthy,Kevin McCarthy,Kevin McCarthy,Kevin McCarthy,Kevin McCarthy,Kevin McCarthy,Kevin McCarthy
"Allen, Rick",Georgia 12th,Republican Party,Kevin McCarthy,Kevin McCarthy,Kevin McCarthy,Kevin McCarthy,Kevin McCarthy,Kevin McCarthy,Kevin McCarthy,Kevin McCarthy,Kevin McCarthy,Kevin McCarthy,Kevin McCarthy
"Allred, Colin",Texas 32nd,Democratic Party,Hakeem Jeffries,Hakeem Jeffries,Hakeem Jeffries,Hakeem Jeffries,Hakeem Jeffries,Hakeem Jeffries,Hakeem Jeffries,Hakeem Jeffries,Hakeem Jeffries,Hakeem Jeffries,Hakeem Jeffries
"Amodei, Mark",Nevada 2nd,Republican Party,Kevin McCarthy,Kevin McCarthy,Kevin McCarthy,Kevin McCarthy,Kevin McCarthy,Kevin McCarthy,Kevin McCarthy,Kevin McCarthy,Kevin McCarthy,Kevin McCarthy,Kevin McCarthy
"Armstrong, Kelly",North Dakota At Large,Republican Party,Kevin McCarthy,Kevin McCarthy,Kevin McCarthy,Kevin McCarthy,Kevin McCarthy,Kevin McCarthy,Kevin McCarthy,Kevin McCarthy,Kevin McCarthy,Kevin McCarthy,Kevin McCarthy
"Arrington, Jodey",Texas 19th,Republican Party,Kevin McCarthy,Kevin McCarthy,Kevin McCarthy,Kevin McCarthy,Kevin McCarthy,Kevin McCarthy,Kevin McCarthy,Kevin McCarthy,Kevin McCarthy,Kevin McCarthy,Kevin McCarthy
"Auchincloss, Jake",Massachusetts 4th,Democratic Party,Hakeem Jeffries,Hakeem Jeffries,Hakeem Jeffries,Hakeem Jeffries,Hakeem Jeffries,Hakeem Jeffries,Hakeem Jeffries,Hakeem Jeffries,Hakeem Jeffries,Hakeem Jeffries,Hakeem Jeffries
"Babin, Brian",Texas 36th,Republican Party,Kevin McCarthy,Kevin McCarthy,Kevin McCarthy,Kevin McCarthy,Kevin McCarthy,Kevin McCarthy,Kevin McCarthy,Kevin McCarthy,Kevin McCarthy,Kevin McCarthy,Kevin McCarthy
"Bacon, Don",Nebraska 2nd,Republican Party,Kevin McCarthy,Kevin McCarthy,Kevin McCarthy,Kevin McCarthy,Kevin McCarthy,Kevin McCarthy,Kevin McCarthy,Kevin McCarthy,Kevin McCarthy,Kevin McCarthy,Kevin McCarthy
"Baird, James",Indiana 4th,Republican Party,Kevin McCarthy,Kevin McCarthy,Kevin McCarthy,Kevin McCarthy,Kevin McCarthy,Kevin McCarthy,Kevin McCarthy,Kevin McCarthy,Kevin McCarthy,Kevin McCarthy,Kevin McCarthy
"Balderson, Troy",Ohio 12th,Republican Party,Kevin McCarthy,Kevin McCarthy,Kevin McCarthy,Kevin McCarthy,Kevin McCarthy,Kevin McCarthy,Kevin McCarthy,Kevin McCarthy,Kevin McCarthy,Kevin McCarthy,Kevin McCarthy
"Balint, Becca",Vermont At Large,Democratic Party,Hakeem Jeffries,Hakeem Jeffries,Hakeem Jeffries,Hakeem Jeffries,Hakeem Jeffries,Hakeem Jeffries,Hakeem Jeffries,Hakeem Jeffries,Hakeem Jeffries,Hakeem Jeffries,Hakeem Jeffries
"Banks, Jim",Indiana 3rd,Republican Party,Kevin McCarthy,Kevin McCarthy,Kevin McCarthy,Kevin McCarthy,Kevin McCarthy,Kevin McCarthy,Kevin McCarthy,Kevin McCarthy,Kevin McCarthy,Kevin McCarthy,Kevin McCarthy
"Barr, Andy",Kentucky 6th,Republican Party,Kevin McCarthy,Kevin McCarthy,Kevin McCarthy,Kevin McCarthy,Kevin McCarthy,Kevin McCarthy,Kevin McCarthy,Kevin McCarthy,Kevin McCarthy,Kevin McCarthy,Kevin McCarthy
"Barragan, Nanette",California 44th,Democratic Party,Hakeem Jeffries,Hakeem Jeffries,Hakeem Jeffries,Hakeem Jeffries,Hakeem Jeffries,Hakeem Jeffries,Hakeem Jeffries,Hakeem Jeffries,Hakeem Jeffries,Hakeem Jeffries,Hakeem Jeffries
"Bean, Aaron",Florida 4th,Republican Party,Kevin McCarthy,Kevin McCarthy,Kevin McCarthy,Kevin McCarthy,Kevin McCarthy,Kevin McCarthy,Kevin McCarthy,Kevin McCarthy,Kevin McCarthy,Kevin McCarthy,Kevin McCarthy
"Beatty, Joyce",Ohio 3rd,Democratic Party,Hakeem Jeffries,Hakeem Jeffries,Hakeem Jeffries,Hakeem Jeffries,Hakeem Jeffries,Hakeem Jeffries,Hakeem Jeffries,Hakeem Jeffries,Hakeem Jeffries,Hakeem Jeffries,Hakeem Jeffries
"Bentz, Cliff",Oregon 2nd,Republican Party,Kevin McCarthy,Kevin McCarthy,Kevin McCarthy,Kevin McCarthy,Kevin McCarthy,Kevin McCarthy,Kevin McCarthy,Kevin McCarthy,Kevin McCarthy,Kevin McCarthy,Kevin McCarthy
"Bera, Ami",California 6th,Democratic Party,Hakeem Jeffries,Hakeem Jeffries,Hakeem Jeffries,Hakeem Jeffries,Hakeem Jeffries,Hakeem Jeffries,Hakeem Jeffries,Hakeem Jeffries,Hakeem Jeffries,Hakeem Jeffries,Hakeem Jeffries
"Bergman, Jack",Michigan 1st,Republican Party,Kevin McCarthy,Kevin McCarthy,Kevin McCarthy,Kevin McCarthy,Kevin McCarthy,Kevin McCarthy,Kevin McCarthy,Kevin McCarthy,Kevin McCarthy,Kevin McCarthy,Kevin McCarthy
"Beyer, Donald",Virginia 8th,Democratic Party,Hakeem Jeffries,Hakeem Jeffries,Hakeem Jeffries,Hakeem Jeffries,Hakeem Jeffries,Hakeem Jeffries,Hakeem Jeffries,Hakeem Jeffries,Hakeem Jeffries,Hakeem Jeffries,Hakeem Jeffries
"Bice, Stephanie",Oklahoma 5th,Republican Party,Kevin McCarthy,Kevin McCarthy,Kevin McCarthy,Kevin McCarthy,Kevin McCarthy,Kevin McCarthy,Kevin McCarthy,Kevin McCarthy,Kevin McCarthy,Kevin McCarthy,Kevin McCarthy
"Biggs, Andy",Arizona 5th,Republican Party,Andy Biggs,Jim Jordan,Jim Jordan,Byron Donalds,Byron Donalds,Byron Donalds,Byron Donalds,Byron Donalds,Byron Donalds,Kevin Hern,Kevin Hern
"Bilirakis, Gus",Florida 12th,Republican Party,Kevin McCarthy,Kevin McCarthy,Kevin McCarthy,Kevin McCarthy,Kevin McCarthy,Kevin McCarthy,Kevin McCarthy,Kevin McCarthy,Kevin McCarthy,Kevin McCarthy,Kevin McCarthy
"Bishop, Dan",North Carolina 8th,Republican Party,Andy Biggs,Jim Jordan,Jim Jordan,Byron Donalds,Byron Donalds,Byron Donalds,Byron Donalds,Byron Donalds,Byron Donalds,Byron Donalds,Byron Donalds
"Bishop, Sanford",Georgia 2nd,Democratic Party,Hakeem Jeffries,Hakeem Jeffries,Hakeem Jeffries,Hakeem Jeffries,Hakeem Jeffries,Hakeem Jeffries,Hakeem Jeffries,Hakeem Jeffries,Hakeem Jeffries,Hakeem Jeffries,Hakeem Jeffries
"Blumenauer, Earl",Oregon 3rd,Democratic Party,Hakeem Jeffries,Hakeem Jeffries,Hakeem Jeffries,Hakeem Jeffries,Hakeem Jeffries,Hakeem Jeffries,Hakeem Jeffries,Hakeem Jeffries,Hakeem Jeffries,Hakeem Jeffries,Hakeem Jeffries
"Blunt Rochester, Lisa",Delaware At Large,Democratic Party,Hakeem Jeffries,Hakeem Jeffries,Hakeem Jeffries,Hakeem Jeffries,Hakeem Jeffries,Hakeem Jeffries,Hakeem Jeffries,Hakeem Jeffries,Hakeem Jeffries,Hakeem Jeffries,Hakeem Jeffries
"Boebert, Lauren",Colorado 3rd,Republican Party,Jim Jordan,Jim Jordan,Jim Jordan,Byron Donalds,Byron Donalds,Byron Donalds,Byron Donalds,Kevin Hern,Kevin Hern,Kevin Hern,Kevin Hern
"Bonamici, Suzanne",Oregon 1st,Democratic Party,Hakeem Jeffries,Hakeem Jeffries,Hakeem Jeffries,Hakeem Jeffries,Hakeem Jeffries,Hakeem Jeffries,Hakeem Jeffries,Hakeem Jeffries,Hakeem Jeffries,Hakeem Jeffries,Hakeem Jeffries
"Bost, Mike",Illinois 12th,Republican Party,Kevin McCarthy,Kevin McCarthy,Kevin McCarthy,Kevin McCarthy,Kevin McCarthy,Kevin McCarthy,Kevin McCarthy,Kevin McCarthy,Kevin McCarthy,Kevin McCarthy,Kevin McCarthy
"Bowman, Jamaal",New York 16th,Democratic Party,Hakeem Jeffries,Hakeem Jeffries,Hakeem Jeffries,Hakeem Jeffries,Hakeem Jeffries,Hakeem Jeffries,Hakeem Jeffries,Hakeem Jeffries,Hakeem Jeffries,Hakeem Jeffries,Hakeem Jeffries
"Boyle, Brendan",Pennsylvania 2nd,Democratic Party,Hakeem Jeffries,Hakeem Jeffries,Hakeem Jeffries,Hakeem Jeffries,Hakeem Jeffries,Hakeem Jeffries,Hakeem Jeffries,Hakeem Jeffries,Hakeem Jeffries,Hakeem Jeffries,Hakeem Jeffries
"Brecheen, Josh",Oklahoma 2nd,Republican Party,Jim Banks,Jim Jordan,Jim Jordan,Byron Donalds,Byron Donalds,Byron Donalds,Byron Donalds,Kevin Hern,Kevin Hern,Kevin Hern,Kevin Hern
"Brown, Shontel",Ohio 11th,Democratic Party,Hakeem Jeffries,Hakeem Jeffries,Hakeem Jeffries,Hakeem Jeffries,Hakeem Jeffries,Hakeem Jeffries,Hakeem Jeffries,Hakeem Jeffries,Hakeem Jeffries,Hakeem Jeffries,Hakeem Jeffries
"Brownley, Julia",California 26th,Democratic Party,Hakeem Jeffries,Hakeem Jeffries,Hakeem Jeffries,Hakeem Jeffries,Hakeem Jeffries,Hakeem Jeffries,Hakeem Jeffries,Hakeem Jeffries,Hakeem Jeffries,Hakeem Jeffries,Hakeem Jeffries
"Buchanan, Vern",Florida 16th,Republican Party,Kevin McCarthy,Kevin McCarthy,Kevin McCarthy,Kevin McCarthy,Kevin McCarthy,Kevin McCarthy,Kevin McCarthy,Kevin McCarthy,Kevin McCarthy,Kevin McCarthy,Kevin McCarthy
"Buck, Ken",Colorado 4th,Republican Party,Kevin McCarthy,Kevin McCarthy,Kevin McCarthy,Kevin McCarthy,Kevin McCarthy,Kevin McCarthy,Kevin McCarthy,Kevin McCarthy,N/A (Absent),N/A (Absent),N/A (Absent)
"Bucshon, Larry",Indiana 8th,Republican Party,Kevin McCarthy,Kevin McCarthy,Kevin McCarthy,Kevin McCarthy,Kevin McCarthy,Kevin McCarthy,Kevin McCarthy,Kevin McCarthy,Kevin McCarthy,Kevin McCarthy,Kevin McCarthy
"Budzinski, Nikki",Illinois 13th,Democratic Party,Hakeem Jeffries,Hakeem Jeffries,Hakeem Jeffries,Hakeem Jeffries,Hakeem Jeffries,Hakeem Jeffries,Hakeem Jeffries,Hakeem Jeffries,Hakeem Jeffries,Hakeem Jeffries,Hakeem Jeffries
"Burchett, Tim",Tennessee 2nd,Republican Party,Kevin McCarthy,Kevin McCarthy,Kevin McCarthy,Kevin McCarthy,Kevin McCarthy,Kevin McCarthy,Kevin McCarthy,Kevin McCarthy,Kevin McCarthy,Kevin McCarthy,Kevin McCarthy
"Burgess, Michael",Texas 26th,Republican Party,Kevin McCarthy,Kevin McCarthy,Kevin McCarthy,Kevin McCarthy,Kevin McCarthy,Kevin McCarthy,Kevin McCarthy,Kevin McCarthy,Kevin McCarthy,Kevin McCarthy,Kevin McCarthy
"Burlison, Eric",Missouri 7th,Republican Party,Kevin McCarthy,Kevin McCarthy,Kevin McCarthy,Kevin McCarthy,Kevin McCarthy,Kevin McCarthy,Kevin McCarthy,Kevin McCarthy,Kevin McCarthy,Kevin McCarthy,Kevin McCarthy
"Bush, Cori",Missouri 1st,Democratic Party,Hakeem Jeffries,Hakeem Jeffries,Hakeem Jeffries,Hakeem Jeffries,Hakeem Jeffries,Hakeem Jeffries,Hakeem Jeffries,Hakeem Jeffries,Hakeem Jeffries,Hakeem Jeffries,Hakeem Jeffries
"Calvert, Ken",California 41st,Republican Party,Kevin McCarthy,Kevin McCarthy,Kevin McCarthy,Kevin McCarthy,Kevin McCarthy,Kevin McCarthy,Kevin McCarthy,Kevin McCarthy,Kevin McCarthy,Kevin McCarthy,Kevin McCarthy
"Cammack, Kat",Florida 3rd,Republican Party,Kevin McCarthy,Kevin McCarthy,Kevin McCarthy,Kevin McCarthy,Kevin McCarthy,Kevin McCarthy,Kevin McCarthy,Kevin McCarthy,Kevin McCarthy,Kevin McCarthy,Kevin McCarthy
"Caraveo, Yadira",Colorado 8th,Democratic Party,Hakeem Jeffries,Hakeem Jeffries,Hakeem Jeffries,Hakeem Jeffries,Hakeem Jeffries,Hakeem Jeffries,Hakeem Jeffries,Hakeem Jeffries,Hakeem Jeffries,Hakeem Jeffries,Hakeem Jeffries
"Carbajal, Salud",California 24th,Democratic Party,Hakeem Jeffries,Hakeem Jeffries,Hakeem Jeffries,Hakeem Jeffries,Hakeem Jeffries,Hakeem Jeffries,Hakeem Jeffries,Hakeem Jeffries,Hakeem Jeffries,Hakeem Jeffries,Hakeem Jeffries
"Cardenas, Tony",California 29th,Democratic Party,Hakeem Jeffries,Hakeem Jeffries,Hakeem Jeffries,Hakeem Jeffries,Hakeem Jeffries,Hakeem Jeffries,Hakeem Jeffries,Hakeem Jeffries,Hakeem Jeffries,Hakeem Jeffries,Hakeem Jeffries
"Carey, Mike",Ohio 15th,Republican Party,Kevin McCarthy,Kevin McCarthy,Kevin McCarthy,Kevin McCarthy,Kevin McCarthy,Kevin McCarthy,Kevin McCarthy,Kevin McCarthy,Kevin McCarthy,Kevin McCarthy,Kevin McCarthy
"Carl, Jerry",Alabama 1st,Republican Party,Kevin McCarthy,Kevin McCarthy,Kevin McCarthy,Kevin McCarthy,Kevin McCarthy,Kevin McCarthy,Kevin McCarthy,Kevin McCarthy,Kevin McCarthy,Kevin McCarthy,Kevin McCarthy
"Carson, Andre",Indiana 7th,Democratic Party,Hakeem Jeffries,Hakeem Jeffries,Hakeem Jeffries,Hakeem Jeffries,Hakeem Jeffries,Hakeem Jeffries,Hakeem Jeffries,Hakeem Jeffries,Hakeem Jeffries,Hakeem Jeffries,Hakeem Jeffries
"Carter, Earl",Georgia 1st,Republican Party,Kevin McCarthy,Kevin McCarthy,Kevin McCarthy,Kevin McCarthy,Kevin McCarthy,Kevin McCarthy,Kevin McCarthy,Kevin McCarthy,Kevin McCarthy,Kevin McCarthy,Kevin McCarthy
"Carter, John",Texas 31st,Republican Party,Kevin McCarthy,Kevin McCarthy,Kevin McCarthy,Kevin McCarthy,Kevin McCarthy,Kevin McCarthy,Kevin McCarthy,Kevin McCarthy,Kevin McCarthy,Kevin McCarthy,Kevin McCarthy
"Carter, Troy",Louisiana 2nd,Democratic Party,Hakeem Jeffries,Hakeem Jeffries,Hakeem Jeffries,Hakeem Jeffries,Hakeem Jeffries,Hakeem Jeffries,Hakeem Jeffries,Hakeem Jeffries,Hakeem Jeffries,Hakeem Jeffries,Hakeem Jeffries
"Cartwright, Matt",Pennsylvania 8th,Democratic Party,Hakeem Jeffries,Hakeem Jeffries,Hakeem Jeffries,Hakeem Jeffries,Hakeem Jeffries,Hakeem Jeffries,Hakeem Jeffries,Hakeem Jeffries,Hakeem Jeffries,Hakeem Jeffries,Hakeem Jeffries
"Casar, Greg",Texas 35th,Democratic Party,Hakeem Jeffries,Hakeem Jeffries,Hakeem Jeffries,Hakeem Jeffries,Hakeem Jeffries,Hakeem Jeffries,Hakeem Jeffries,Hakeem Jeffries,Hakeem Jeffries,Hakeem Jeffries,Hakeem Jeffries
"Case, Ed",Hawaii 1st,Democratic Party,Hakeem Jeffries,Hakeem Jeffries,Hakeem Jeffries,Hakeem Jeffries,Hakeem Jeffries,Hakeem Jeffries,Hakeem Jeffries,Hakeem Jeffries,Hakeem Jeffries,Hakeem Jeffries,Hakeem Jeffries
"Casten, Sean",Illinois 6th,Democratic Party,Hakeem Jeffries,Hakeem Jeffries,Hakeem Jeffries,Hakeem Jeffries,Hakeem Jeffries,Hakeem Jeffries,Hakeem Jeffries,Hakeem Jeffries,Hakeem Jeffries,Hakeem Jeffries,Hakeem Jeffries
"Castor, Kathy",Florida 14th,Democratic Party,Hakeem Jeffries,Hakeem Jeffries,Hakeem Jeffries,Hakeem Jeffries,Hakeem Jeffries,Hakeem Jeffries,Hakeem Jeffries,Hakeem Jeffries,Hakeem Jeffries,Hakeem Jeffries,Hakeem Jeffries
"Castro, Joaquin",Texas 20th,Democratic Party,Hakeem Jeffries,Hakeem Jeffries,Hakeem Jeffries,Hakeem Jeffries,Hakeem Jeffries,Hakeem Jeffries,Hakeem Jeffries,Hakeem Jeffries,Hakeem Jeffries,Hakeem Jeffries,Hakeem Jeffries
"Chavez-DeRemer, Lori",Oregon 5th,Republican Party,Kevin McCarthy,Kevin McCarthy,Kevin McCarthy,Kevin McCarthy,Kevin McCarthy,Kevin McCarthy,Kevin McCarthy,Kevin McCarthy,Kevin McCarthy,Kevin McCarthy,Kevin McCarthy
"Cherfilus-McCormick, Sheila",Florida 20th,Democratic Party,Hakeem Jeffries,Hakeem Jeffries,Hakeem Jeffries,Hakeem Jeffries,Hakeem Jeffries,Hakeem Jeffries,Hakeem Jeffries,Hakeem Jeffries,Hakeem Jeffries,Hakeem Jeffries,Hakeem Jeffries
"Chu, Judy",California 28th,Democratic Party,Hakeem Jeffries,Hakeem Jeffries,Hakeem Jeffries,Hakeem Jeffries,Hakeem Jeffries,Hakeem Jeffries,Hakeem Jeffries,Hakeem Jeffries,Hakeem Jeffries,Hakeem Jeffries,Hakeem Jeffries
"Cicilline, David",Rhode Island 1st,Democratic Party,Hakeem Jeffries,Hakeem Jeffries,Hakeem Jeffries,Hakeem Jeffries,Hakeem Jeffries,Hakeem Jeffries,Hakeem Jeffries,Hakeem Jeffries,Hakeem Jeffries,Hakeem Jeffries,Hakeem Jeffries
"Ciscomani, Juan",Arizona 6th,Republican Party,Kevin McCarthy,Kevin McCarthy,Kevin McCarthy,Kevin McCarthy,Kevin McCarthy,Kevin McCarthy,Kevin McCarthy,Kevin McCarthy,Kevin McCarthy,Kevin McCarthy,Kevin McCarthy
"Clark, Katherine",Massachusetts 5th,Democratic Party,Hakeem Jeffries,Hakeem Jeffries,Hakeem Jeffries,Hakeem Jeffries,Hakeem Jeffries,Hakeem Jeffries,Hakeem Jeffries,Hakeem Jeffries,Hakeem Jeffries,Hakeem Jeffries,Hakeem Jeffries
"Clarke, Yvette",New York 9th,Democratic Party,Hakeem Jeffries,Hakeem Jeffries,Hakeem Jeffries,Hakeem Jeffries,Hakeem Jeffries,Hakeem Jeffries,Hakeem Jeffries,Hakeem Jeffries,Hakeem Jeffries,Hakeem Jeffries,Hakeem Jeffries
"Cleaver, Emanuel",Missouri 5th,Democratic Party,Hakeem Jeffries,Hakeem Jeffries,Hakeem Jeffries,Hakeem Jeffries,Hakeem Jeffries,Hakeem Jeffries,Hakeem Jeffries,Hakeem Jeffries,Hakeem Jeffries,Hakeem Jeffries,Hakeem Jeffries
"Cline, Ben",Virginia 6th,Republican Party,Kevin McCarthy,Kevin McCarthy,Kevin McCarthy,Kevin McCarthy,Kevin McCarthy,Kevin McCarthy,Kevin McCarthy,Kevin McCarthy,Kevin McCarthy,Kevin McCarthy,Kevin McCarthy
"Cloud, Michael",Texas 27th,Republican Party,Jim Jordan,Jim Jordan,Jim Jordan,Byron Donalds,Byron Donalds,Byron Donalds,Byron Donalds,Byron Donalds,Byron Donalds,Byron Donalds,Byron Donalds
"Clyburn, James",South Carolina 6th,Democratic Party,Hakeem Jeffries,Hakeem Jeffries,Hakeem Jeffries,Hakeem Jeffries,Hakeem Jeffries,Hakeem Jeffries,Hakeem Jeffries,Hakeem Jeffries,Hakeem Jeffries,Hakeem Jeffries,Hakeem Jeffries
"Clyde, Andrew",Georgia 9th,Republican Party,Andy Biggs,Jim Jordan,Jim Jordan,Byron Donalds,Byron Donalds,Byron Donalds,Byron Donalds,Byron Donalds,Byron Donalds,Byron Donalds,Byron Donalds
"Cohen, Steve",Tennessee 9th,Democratic Party,Hakeem Jeffries,Hakeem Jeffries,Hakeem Jeffries,Hakeem Jeffries,Hakeem Jeffries,Hakeem Jeffries,Hakeem Jeffries,Hakeem Jeffries,Hakeem Jeffries,Hakeem Jeffries,Hakeem Jeffries
"Cole, Tom",Oklahoma 4th,Republican Party,Kevin McCarthy,Kevin McCarthy,Kevin McCarthy,Kevin McCarthy,Kevin McCarthy,Kevin McCarthy,Kevin McCarthy,Kevin McCarthy,Kevin McCarthy,Kevin McCarthy,Kevin McCarthy
"Collins, Mike",Georgia 10th,Republican Party,Kevin McCarthy,Kevin McCarthy,Kevin McCarthy,Kevin McCarthy,Kevin McCarthy,Kevin McCarthy,Kevin McCarthy,Kevin McCarthy,Kevin McCarthy,Kevin McCarthy,Kevin McCarthy
"Comer, James",Kentucky 1st,Republican Party,Kevin McCarthy,Kevin McCarthy,Kevin McCarthy,Kevin McCarthy,Kevin McCarthy,Kevin McCarthy,Kevin McCarthy,Kevin McCarthy,Kevin McCarthy,Kevin McCarthy,Kevin McCarthy
"Connolly, Gerald",Virginia 11th,Democratic Party,Hakeem Jeffries,Hakeem Jeffries,Hakeem Jeffries,Hakeem Jeffries,Hakeem Jeffries,Hakeem Jeffries,Hakeem Jeffries,Hakeem Jeffries,Hakeem Jeffries,Hakeem Jeffries,Hakeem Jeffries
"Correa, J.",California 46th,Democratic Party,Hakeem Jeffries,Hakeem Jeffries,Hakeem Jeffries,Hakeem Jeffries,Hakeem Jeffries,Hakeem Jeffries,Hakeem Jeffries,Hakeem Jeffries,Hakeem Jeffries,Hakeem Jeffries,Hakeem Jeffries
"Costa, Jim",California 21st,Democratic Party,Hakeem Jeffries,Hakeem Jeffries,Hakeem Jeffries,Hakeem Jeffries,Hakeem Jeffries,Hakeem Jeffries,Hakeem Jeffries,Hakeem Jeffries,Hakeem Jeffries,Hakeem Jeffries,Hakeem Jeffries
"Courtney, Joe",Connecticut 2nd,Democratic Party,Hakeem Jeffries,Hakeem Jeffries,Hakeem Jeffries,Hakeem Jeffries,Hakeem Jeffries,Hakeem Jeffries,Hakeem Jeffries,Hakeem Jeffries,Hakeem Jeffries,Hakeem Jeffries,Hakeem Jeffries
"Craig, Angie",Minnesota 2nd,Democratic Party,Hakeem Jeffries,Hakeem Jeffries,Hakeem Jeffries,Hakeem Jeffries,Hakeem Jeffries,Hakeem Jeffries,Hakeem Jeffries,Hakeem Jeffries,Hakeem Jeffries,Hakeem Jeffries,Hakeem Jeffries
"Crane, Elijah",Arizona 2nd,Republican Party,Andy Biggs,Jim Jordan,Jim Jordan,Byron Donalds,Byron Donalds,Byron Donalds,Byron Donalds,Byron Donalds,Byron Donalds,Kevin Hern,Kevin Hern
"Crawford, Eric",Arkansas 1st,Republican Party,Kevin McCarthy,Kevin McCarthy,Kevin McCarthy,Kevin McCarthy,Kevin McCarthy,Kevin McCarthy,Kevin McCarthy,Kevin McCarthy,Kevin McCarthy,Kevin McCarthy,Kevin McCarthy
"Crenshaw, Dan",Texas 2nd,Republican Party,Kevin McCarthy,Kevin McCarthy,Kevin McCarthy,Kevin McCarthy,Kevin McCarthy,Kevin McCarthy,Kevin McCarthy,Kevin McCarthy,Kevin McCarthy,Kevin McCarthy,Kevin McCarthy
"Crockett, Jasmine",Texas 30th,Democratic Party,Hakeem Jeffries,Hakeem Jeffries,Hakeem Jeffries,Hakeem Jeffries,Hakeem Jeffries,Hakeem Jeffries,Hakeem Jeffries,Hakeem Jeffries,Hakeem Jeffries,Hakeem Jeffries,Hakeem Jeffries
"Crow, Jason",Colorado 6th,Democratic Party,Hakeem Jeffries,Hakeem Jeffries,Hakeem Jeffries,Hakeem Jeffries,Hakeem Jeffries,Hakeem Jeffries,Hakeem Jeffries,Hakeem Jeffries,Hakeem Jeffries,Hakeem Jeffries,Hakeem Jeffries
"Cuellar, Henry",Texas 28th,Democratic Party,Hakeem Jeffries,Hakeem Jeffries,Hakeem Jeffries,Hakeem Jeffries,Hakeem Jeffries,Hakeem Jeffries,Hakeem Jeffries,Hakeem Jeffries,Hakeem Jeffries,Hakeem Jeffries,Hakeem Jeffries
"Curtis, John",Utah 3rd,Republican Party,Kevin McCarthy,Kevin McCarthy,Kevin McCarthy,Kevin McCarthy,Kevin McCarthy,Kevin McCarthy,Kevin McCarthy,Kevin McCarthy,Kevin McCarthy,Kevin McCarthy,Kevin McCarthy
"D'Esposito, Anthony",New York 4th,Republican Party,Kevin McCarthy,Kevin McCarthy,Kevin McCarthy,Kevin McCarthy,Kevin McCarthy,Kevin McCarthy,Kevin McCarthy,Kevin McCarthy,Kevin McCarthy,Kevin McCarthy,Kevin McCarthy
"Davids, Sharice",Kansas 3rd,Democratic Party,Hakeem Jeffries,Hakeem Jeffries,Hakeem Jeffries,Hakeem Jeffries,Hakeem Jeffries,Hakeem Jeffries,Hakeem Jeffries,Hakeem Jeffries,Hakeem Jeffries,Hakeem Jeffries,Hakeem Jeffries
"Davidson, Warren",Ohio 8th,Republican Party,Kevin McCarthy,Kevin McCarthy,Kevin McCarthy,Kevin McCarthy,Kevin McCarthy,Kevin McCarthy,Kevin McCarthy,Kevin McCarthy,Kevin McCarthy,Kevin McCarthy,Kevin McCarthy
"Davis, Danny",Illinois 7th,Democratic Party,Hakeem Jeffries,Hakeem Jeffries,Hakeem Jeffries,Hakeem Jeffries,Hakeem Jeffries,Hakeem Jeffries,Hakeem Jeffries,Hakeem Jeffries,Hakeem Jeffries,Hakeem Jeffries,Hakeem Jeffries
"Davis, Donald",North Carolina 1st,Democratic Party,Hakeem Jeffries,Hakeem Jeffries,Hakeem Jeffries,Hakeem Jeffries,Hakeem Jeffries,Hakeem Jeffries,Hakeem Jeffries,Hakeem Jeffries,Hakeem Jeffries,Hakeem Jeffries,Hakeem Jeffries
"Dean, Madeleine",Pennsylvania 4th,Democratic Party,Hakeem Jeffries,Hakeem Jeffries,Hakeem Jeffries,Hakeem Jeffries,Hakeem Jeffries,Hakeem Jeffries,Hakeem Jeffries,Hakeem Jeffries,Hakeem Jeffries,Hakeem Jeffries,Hakeem Jeffries
"DeGette, Diana",Colorado 1st,Democratic Party,Hakeem Jeffries,Hakeem Jeffries,Hakeem Jeffries,Hakeem Jeffries,Hakeem Jeffries,Hakeem Jeffries,Hakeem Jeffries,Hakeem Jeffries,Hakeem Jeffries,Hakeem Jeffries,Hakeem Jeffries
"De La Cruz, Monica",Texas 15th,Republican Party,Kevin McCarthy,Kevin McCarthy,Kevin McCarthy,Kevin McCarthy,Kevin McCarthy,Kevin McCarthy,Kevin McCarthy,Kevin McCarthy,Kevin McCarthy,Kevin McCarthy,Kevin McCarthy
"DeLauro, Rosa",Connecticut 3rd,Democratic Party,Hakeem Jeffries,Hakeem Jeffries,Hakeem Jeffries,Hakeem Jeffries,Hakeem Jeffries,Hakeem Jeffries,Hakeem Jeffries,Hakeem Jeffries,Hakeem Jeffries,Hakeem Jeffries,Hakeem Jeffries
"DelBene, Suzan",Washington 1st,Democratic Party,Hakeem Jeffries,Hakeem Jeffries,Hakeem Jeffries,Hakeem Jeffries,Hakeem Jeffries,Hakeem Jeffries,Hakeem Jeffries,Hakeem Jeffries,Hakeem Jeffries,Hakeem Jeffries,Hakeem Jeffries
"Deluzio, Christopher",Pennsylvania 17th,Democratic Party,Hakeem Jeffries,Hakeem Jeffries,Hakeem Jeffries,Hakeem Jeffries,Hakeem Jeffries,Hakeem Jeffries,Hakeem Jeffries,Hakeem Jeffries,Hakeem Jeffries,Hakeem Jeffries,Hakeem Jeffries
"DeSaulnier, Mark",California 10th,Democratic Party,Hakeem Jeffries,Hakeem Jeffries,Hakeem Jeffries,Hakeem Jeffries,Hakeem Jeffries,Hakeem Jeffries,Hakeem Jeffries,Hakeem Jeffries,Hakeem Jeffries,Hakeem Jeffries,Hakeem Jeffries
"DesJarlais, Scott",Tennessee 4th,Republican Party,Kevin McCarthy,Kevin McCarthy,Kevin McCarthy,Kevin McCarthy,Kevin McCarthy,Kevin McCarthy,Kevin McCarthy,Kevin McCarthy,Kevin McCarthy,Kevin McCarthy,Kevin McCarthy
"Diaz-Balart, Mario",Florida 26th,Republican Party,Kevin McCarthy,Kevin McCarthy,Kevin McCarthy,Kevin McCarthy,Kevin McCarthy,Kevin McCarthy,Kevin McCarthy,Kevin McCarthy,Kevin McCarthy,Kevin McCarthy,Kevin McCarthy
"Dingell, Debbie",Michigan 6th,Democratic Party,Hakeem Jeffries,Hakeem Jeffries,Hakeem Jeffries,Hakeem Jeffries,Hakeem Jeffries,Hakeem Jeffries,Hakeem Jeffries,Hakeem Jeffries,Hakeem Jeffries,Hakeem Jeffries,Hakeem Jeffries
"Doggett, Lloyd",Texas 37th,Democratic Party,Hakeem Jeffries,Hakeem Jeffries,Hakeem Jeffries,Hakeem Jeffries,Hakeem Jeffries,Hakeem Jeffries,Hakeem Jeffries,Hakeem Jeffries,Hakeem Jeffries,Hakeem Jeffries,Hakeem Jeffries
"Donalds, Byron",Florida 19th,Republican Party,Kevin McCarthy,Kevin McCarthy,Jim Jordan,Byron Donalds,Byron Donalds,Byron Donalds,Byron Donalds,Byron Donalds,Byron Donalds,Byron Donalds,Byron Donalds
"Duarte, John",California 13th,Republican Party,Kevin McCarthy,Kevin McCarthy,Kevin McCarthy,Kevin McCarthy,Kevin McCarthy,Kevin McCarthy,Kevin McCarthy,Kevin McCarthy,Kevin McCarthy,Kevin McCarthy,Kevin McCarthy
"Duncan, Jeff",South Carolina 3rd,Republican Party,Kevin McCarthy,Kevin McCarthy,Kevin McCarthy,Kevin McCarthy,Kevin McCarthy,Kevin McCarthy,Kevin McCarthy,Kevin McCarthy,Kevin McCarthy,Kevin McCarthy,Kevin McCarthy
"Dunn, Neal",Florida 2nd,Republican Party,Kevin McCarthy,Kevin McCarthy,Kevin McCarthy,Kevin McCarthy,Kevin McCarthy,Kevin McCarthy,Kevin McCarthy,Kevin McCarthy,Kevin McCarthy,Kevin McCarthy,Kevin McCarthy
"Edwards, Chuck",North Carolina 11th,Republican Party,Kevin McCarthy,Kevin McCarthy,Kevin McCarthy,Kevin McCarthy,Kevin McCarthy,Kevin McCarthy,Kevin McCarthy,Kevin McCarthy,Kevin McCarthy,Kevin McCarthy,Kevin McCarthy
"Ellzey, Jake",Texas 6th,Republican Party,Kevin McCarthy,Kevin McCarthy,Kevin McCarthy,Kevin McCarthy,Kevin McCarthy,Kevin McCarthy,Kevin McCarthy,Kevin McCarthy,Kevin McCarthy,Kevin McCarthy,Kevin McCarthy
"Emmer, Tom",Minnesota 6th,Republican Party,Kevin McCarthy,Kevin McCarthy,Kevin McCarthy,Kevin McCarthy,Kevin McCarthy,Kevin McCarthy,Kevin McCarthy,Kevin McCarthy,Kevin McCarthy,Kevin McCarthy,Kevin McCarthy
"Escobar, Veronica",Texas 16th,Democratic Party,Hakeem Jeffries,Hakeem Jeffries,Hakeem Jeffries,Hakeem Jeffries,Hakeem Jeffries,Hakeem Jeffries,Hakeem Jeffries,Hakeem Jeffries,Hakeem Jeffries,Hakeem Jeffries,Hakeem Jeffries
"Eshoo, Anna",California 16th,Democratic Party,Hakeem Jeffries,Hakeem Jeffries,Hakeem Jeffries,Hakeem Jeffries,Hakeem Jeffries,Hakeem Jeffries,Hakeem Jeffries,Hakeem Jeffries,Hakeem Jeffries,Hakeem Jeffries,Hakeem Jeffries
"Espaillat, Adriano",New York 13th,Democratic Party,Hakeem Jeffries,Hakeem Jeffries,Hakeem Jeffries,Hakeem Jeffries,Hakeem Jeffries,Hakeem Jeffries,Hakeem Jeffries,Hakeem Jeffries,Hakeem Jeffries,Hakeem Jeffries,Hakeem Jeffries
"Estes, Ron",Kansas 4th,Republican Party,Kevin McCarthy,Kevin McCarthy,Kevin McCarthy,Kevin McCarthy,Kevin McCarthy,Kevin McCarthy,Kevin McCarthy,Kevin McCarthy,Kevin McCarthy,Kevin McCarthy,Kevin McCarthy
"Evans, Dwight",Pennsylvania 3rd,Democratic Party,Hakeem Jeffries,Hakeem Jeffries,Hakeem Jeffries,Hakeem Jeffries,Hakeem Jeffries,Hakeem Jeffries,Hakeem Jeffries,Hakeem Jeffries,Hakeem Jeffries,Hakeem Jeffries,Hakeem Jeffries
"Ezell, Mike",Mississippi 4th,Republican Party,Kevin McCarthy,Kevin McCarthy,Kevin McCarthy,Kevin McCarthy,Kevin McCarthy,Kevin McCarthy,Kevin McCarthy,Kevin McCarthy,Kevin McCarthy,Kevin McCarthy,Kevin McCarthy
"Fallon, Pat",Texas 4th,Republican Party,Kevin McCarthy,Kevin McCarthy,Kevin McCarthy,Kevin McCarthy,Kevin McCarthy,Kevin McCarthy,Kevin McCarthy,Kevin McCarthy,Kevin McCarthy,Kevin McCarthy,Kevin McCarthy
"Feenstra, Randy",Iowa 4th,Republican Party,Kevin McCarthy,Kevin McCarthy,Kevin McCarthy,Kevin McCarthy,Kevin McCarthy,Kevin McCarthy,Kevin McCarthy,Kevin McCarthy,Kevin McCarthy,Kevin McCarthy,Kevin McCarthy
"Ferguson, A.",Georgia 3rd,Republican Party,Kevin McCarthy,Kevin McCarthy,Kevin McCarthy,Kevin McCarthy,Kevin McCarthy,Kevin McCarthy,Kevin McCarthy,Kevin McCarthy,Kevin McCarthy,Kevin McCarthy,Kevin McCarthy
"Finstad, Brad",Minnesota 1st,Republican Party,Kevin McCarthy,Kevin McCarthy,Kevin McCarthy,Kevin McCarthy,Kevin McCarthy,Kevin McCarthy,Kevin McCarthy,Kevin McCarthy,Kevin McCarthy,Kevin McCarthy,Kevin McCarthy
"Fischbach, Michelle",Minnesota 7th,Republican Party,Kevin McCarthy,Kevin McCarthy,Kevin McCarthy,Kevin McCarthy,Kevin McCarthy,Kevin McCarthy,Kevin McCarthy,Kevin McCarthy,Kevin McCarthy,Kevin McCarthy,Kevin McCarthy
"Fitzgerald, Scott",Wisconsin 5th,Republican Party,Kevin McCarthy,Kevin McCarthy,Kevin McCarthy,Kevin McCarthy,Kevin McCarthy,Kevin McCarthy,Kevin McCarthy,Kevin McCarthy,Kevin McCarthy,Kevin McCarthy,Kevin McCarthy
"Fitzpatrick, Brian",Pennsylvania 1st,Republican Party,Kevin McCarthy,Kevin McCarthy,Kevin McCarthy,Kevin McCarthy,Kevin McCarthy,Kevin McCarthy,Kevin McCarthy,Kevin McCarthy,Kevin McCarthy,Kevin McCarthy,Kevin McCarthy
"Fleischmann, Charles",Tennessee 3rd,Republican Party,Kevin McCarthy,Kevin McCarthy,Kevin McCarthy,Kevin McCarthy,Kevin McCarthy,Kevin McCarthy,Kevin McCarthy,Kevin McCarthy,Kevin McCarthy,Kevin McCarthy,Kevin McCarthy
"Fletcher, Lizzie",Texas 7th,Democratic Party,Hakeem Jeffries,Hakeem Jeffries,Hakeem Jeffries,Hakeem Jeffries,Hakeem Jeffries,Hakeem Jeffries,Hakeem Jeffries,Hakeem Jeffries,Hakeem Jeffries,Hakeem Jeffries,Hakeem Jeffries
"Flood, Mike",Nebraska 1st,Republican Party,Kevin McCarthy,Kevin McCarthy,Kevin McCarthy,Kevin McCarthy,Kevin McCarthy,Kevin McCarthy,Kevin McCarthy,Kevin McCarthy,Kevin McCarthy,Kevin McCarthy,Kevin McCarthy
"Foster, Bill",Illinois 11th,Democratic Party,Hakeem Jeffries,Hakeem Jeffries,Hakeem Jeffries,Hakeem Jeffries,Hakeem Jeffries,Hakeem Jeffries,Hakeem Jeffries,Hakeem Jeffries,Hakeem Jeffries,Hakeem Jeffries,Hakeem Jeffries
"Foushee, Valerie",North Carolina 4th,Democratic Party,Hakeem Jeffries,Hakeem Jeffries,Hakeem Jeffries,Hakeem Jeffries,Hakeem Jeffries,Hakeem Jeffries,Hakeem Jeffries,Hakeem Jeffries,Hakeem Jeffries,Hakeem Jeffries,Hakeem Jeffries
"Foxx, Virginia",North Carolina 5th,Republican Party,Kevin McCarthy,Kevin McCarthy,Kevin McCarthy,Kevin McCarthy,Kevin McCarthy,Kevin McCarthy,Kevin McCarthy,Kevin McCarthy,Kevin McCarthy,Kevin McCarthy,Kevin McCarthy
"Frankel, Lois",Florida 22nd,Democratic Party,Hakeem Jeffries,Hakeem Jeffries,Hakeem Jeffries,Hakeem Jeffries,Hakeem Jeffries,Hakeem Jeffries,Hakeem Jeffries,Hakeem Jeffries,Hakeem Jeffries,Hakeem Jeffries,Hakeem Jeffries
"Franklin, C.",Florida 18th,Republican Party,Kevin McCarthy,Kevin McCarthy,Kevin McCarthy,Kevin McCarthy,Kevin McCarthy,Kevin McCarthy,Kevin McCarthy,Kevin McCarthy,Kevin McCarthy,Kevin McCarthy,Kevin McCarthy
"Frost, Maxwell",Florida 10th,Democratic Party,Hakeem Jeffries,Hakeem Jeffries,Hakeem Jeffries,Hakeem Jeffries,Hakeem Jeffries,Hakeem Jeffries,Hakeem Jeffries,Hakeem Jeffries,Hakeem Jeffries,Hakeem Jeffries,Hakeem Jeffries
"Fry, Russell",South Carolina 7th,Republican Party,Kevin McCarthy,Kevin McCarthy,Kevin McCarthy,Kevin McCarthy,Kevin McCarthy,Kevin McCarthy,Kevin McCarthy,Kevin McCarthy,Kevin McCarthy,Kevin McCarthy,Kevin McCarthy
"Fulcher, Russ",Idaho 1st,Republican Party,Kevin McCarthy,Kevin McCarthy,Kevin McCarthy,Kevin McCarthy,Kevin McCarthy,Kevin McCarthy,Kevin McCarthy,Kevin McCarthy,Kevin McCarthy,Kevin McCarthy,Kevin McCarthy
"Gaetz, Matt",Florida 1st,Republican Party,Andy Biggs,Jim Jordan,Jim Jordan,Byron Donalds,Byron Donalds,Byron Donalds,Donald J. Trump,Donald J. Trump,Kevin Hern,Kevin Hern,Donald J. Trump
"Gallagher, Mike",Wisconsin 8th,Republican Party,Kevin McCarthy,Kevin McCarthy,Kevin McCarthy,Kevin McCarthy,Kevin McCarthy,Kevin McCarthy,Kevin McCarthy,Kevin McCarthy,Kevin McCarthy,Kevin McCarthy,Kevin McCarthy
"Gallego, Ruben",Arizona 3rd,Democratic Party,Hakeem Jeffries,Hakeem Jeffries,Hakeem Jeffries,Hakeem Jeffries,Hakeem Jeffries,Hakeem Jeffries,Hakeem Jeffries,Hakeem Jeffries,Hakeem Jeffries,Hakeem Jeffries,Hakeem Jeffries
"Garamendi, John",California 8th,Democratic Party,Hakeem Jeffries,Hakeem Jeffries,Hakeem Jeffries,Hakeem Jeffries,Hakeem Jeffries,Hakeem Jeffries,Hakeem Jeffries,Hakeem Jeffries,Hakeem Jeffries,Hakeem Jeffries,Hakeem Jeffries
"Garbarino, Andrew",New York 2nd,Republican Party,Kevin McCarthy,Kevin McCarthy,Kevin McCarthy,Kevin McCarthy,Kevin McCarthy,Kevin McCarthy,Kevin McCarthy,Kevin McCarthy,Kevin McCarthy,Kevin McCarthy,Kevin McCarthy
"Garcia, Jesus",Illinois 4th,Democratic Party,Hakeem Jeffries,Hakeem Jeffries,Hakeem Jeffries,Hakeem Jeffries,Hakeem Jeffries,Hakeem Jeffries,Hakeem Jeffries,Hakeem Jeffries,Hakeem Jeffries,Hakeem Jeffries,Hakeem Jeffries
"Garcia, Mike",California 27th,Republican Party,Kevin McCarthy,Kevin McCarthy,Kevin McCarthy,Kevin McCarthy,Kevin McCarthy,Kevin McCarthy,Kevin McCarthy,Kevin McCarthy,Kevin McCarthy,Kevin McCarthy,Kevin McCarthy
"Garcia, Robert",California 42nd,Democratic Party,Hakeem Jeffries,Hakeem Jeffries,Hakeem Jeffries,Hakeem Jeffries,Hakeem Jeffries,Hakeem Jeffries,Hakeem Jeffries,Hakeem Jeffries,Hakeem Jeffries,Hakeem Jeffries,Hakeem Jeffries
"Garcia, Sylvia",Texas 29th,Democratic Party,Hakeem Jeffries,Hakeem Jeffries,Hakeem Jeffries,Hakeem Jeffries,Hakeem Jeffries,Hakeem Jeffries,Hakeem Jeffries,Hakeem Jeffries,Hakeem Jeffries,Hakeem Jeffries,Hakeem Jeffries
"Gimenez, Carlos",Florida 28th,Republican Party,Kevin McCarthy,Kevin McCarthy,Kevin McCarthy,Kevin McCarthy,Kevin McCarthy,Kevin McCarthy,Kevin McCarthy,Kevin McCarthy,Kevin McCarthy,Kevin McCarthy,Kevin McCarthy
"Golden, Jared",Maine 2nd,Democratic Party,Hakeem Jeffries,Hakeem Jeffries,Hakeem Jeffries,Hakeem Jeffries,Hakeem Jeffries,Hakeem Jeffries,Hakeem Jeffries,Hakeem Jeffries,Hakeem Jeffries,Hakeem Jeffries,Hakeem Jeffries
"Goldman, Daniel",New York 10th,Democratic Party,Hakeem Jeffries,Hakeem Jeffries,Hakeem Jeffries,Hakeem Jeffries,Hakeem Jeffries,Hakeem Jeffries,Hakeem Jeffries,Hakeem Jeffries,Hakeem Jeffries,Hakeem Jeffries,Hakeem Jeffries
"Gomez, Jimmy",California 34th,Democratic Party,Hakeem Jeffries,Hakeem Jeffries,Hakeem Jeffries,Hakeem Jeffries,Hakeem Jeffries,Hakeem Jeffries,Hakeem Jeffries,Hakeem Jeffries,Hakeem Jeffries,Hakeem Jeffries,Hakeem Jeffries
"Gonzales, Tony",Texas 23rd,Republican Party,Kevin McCarthy,Kevin McCarthy,Kevin McCarthy,Kevin McCarthy,Kevin McCarthy,Kevin McCarthy,Kevin McCarthy,Kevin McCarthy,Kevin McCarthy,Kevin McCarthy,Kevin McCarthy
"Gonzalez, Vicente",Texas 34th,Democratic Party,Hakeem Jeffries,Hakeem Jeffries,Hakeem Jeffries,Hakeem Jeffries,Hakeem Jeffries,Hakeem Jeffries,Hakeem Jeffries,Hakeem Jeffries,Hakeem Jeffries,Hakeem Jeffries,Hakeem Jeffries
"Good, Bob",Virginia 5th,Republican Party,Andy Biggs,Jim Jordan,Jim Jordan,Byron Donalds,Byron Donalds,Byron Donalds,Byron Donalds,Byron Donalds,Byron Donalds,Byron Donalds,Kevin Hern
"Gooden, Lance",Texas 5th,Republican Party,Kevin McCarthy,Kevin McCarthy,Kevin McCarthy,Kevin McCarthy,Kevin McCarthy,Kevin McCarthy,Kevin McCarthy,Kevin McCarthy,Kevin McCarthy,Kevin McCarthy,Kevin McCarthy
"Gosar, Paul",Arizona 9th,Republican Party,Andy Biggs,Jim Jordan,Jim Jordan,Byron Donalds,Byron Donalds,Byron Donalds,Byron Donalds,Byron Donalds,Byron Donalds,Byron Donalds,Byron Donalds
"Gottheimer, Josh",New Jersey 5th,Democratic Party,Hakeem Jeffries,Hakeem Jeffries,Hakeem Jeffries,Hakeem Jeffries,Hakeem Jeffries,Hakeem Jeffries,Hakeem Jeffries,Hakeem Jeffries,Hakeem Jeffries,Hakeem Jeffries,Hakeem Jeffries
"Granger, Kay",Texas 12th,Republican Party,Kevin McCarthy,Kevin McCarthy,Kevin McCarthy,Kevin McCarthy,Kevin McCarthy,Kevin McCarthy,Kevin McCarthy,Kevin McCarthy,Kevin McCarthy,Kevin McCarthy,Kevin McCarthy
"Graves, Garret",Louisiana 6th,Republican Party,Kevin McCarthy,Kevin McCarthy,Kevin McCarthy,Kevin McCarthy,Kevin McCarthy,Kevin McCarthy,Kevin McCarthy,Kevin McCarthy,Kevin McCarthy,Kevin McCarthy,Kevin McCarthy
"Graves, Sam",Missouri 6th,Republican Party,Kevin McCarthy,Kevin McCarthy,Kevin McCarthy,Kevin McCarthy,Kevin McCarthy,Kevin McCarthy,Kevin McCarthy,Kevin McCarthy,Kevin McCarthy,Kevin McCarthy,Kevin McCarthy
"Green, Al",Texas 9th,Democratic Party,Hakeem Jeffries,Hakeem Jeffries,Hakeem Jeffries,Hakeem Jeffries,Hakeem Jeffries,Hakeem Jeffries,Hakeem Jeffries,Hakeem Jeffries,Hakeem Jeffries,Hakeem Jeffries,Hakeem Jeffries
"Green, Mark",Tennessee 7th,Republican Party,Kevin McCarthy,Kevin McCarthy,Kevin McCarthy,Kevin McCarthy,Kevin McCarthy,Kevin McCarthy,Kevin McCarthy,Kevin McCarthy,Kevin McCarthy,Kevin McCarthy,Kevin McCarthy
"Greene, Marjorie",Georgia 14th,Republican Party,Kevin McCarthy,Kevin McCarthy,Kevin McCarthy,Kevin McCarthy,Kevin McCarthy,Kevin McCarthy,Kevin McCarthy,Kevin McCarthy,Kevin McCarthy,Kevin McCarthy,Kevin McCarthy
"Griffith, H.",Virginia 9th,Republican Party,Kevin McCarthy,Kevin McCarthy,Kevin McCarthy,Kevin McCarthy,Kevin McCarthy,Kevin McCarthy,Kevin McCarthy,Kevin McCarthy,Kevin McCarthy,Kevin McCarthy,Kevin McCarthy
"Grijalva, Raul",Arizona 7th,Democratic Party,Hakeem Jeffries,Hakeem Jeffries,Hakeem Jeffries,Hakeem Jeffries,Hakeem Jeffries,Hakeem Jeffries,Hakeem Jeffries,Hakeem Jeffries,Hakeem Jeffries,Hakeem Jeffries,Hakeem Jeffries
"Grothman, Glenn",Wisconsin 6th,Republican Party,Kevin McCarthy,Kevin McCarthy,Kevin McCarthy,Kevin McCarthy,Kevin McCarthy,Kevin McCarthy,Kevin McCarthy,Kevin McCarthy,Kevin McCarthy,Kevin McCarthy,Kevin McCarthy
"Guest, Michael",Mississippi 3rd,Republican Party,Kevin McCarthy,Kevin McCarthy,Kevin McCarthy,Kevin McCarthy,Kevin McCarthy,Kevin McCarthy,Kevin McCarthy,Kevin McCarthy,Kevin McCarthy,Kevin McCarthy,Kevin McCarthy
"Guthrie, Brett",Kentucky 2nd,Republican Party,Kevin McCarthy,Kevin McCarthy,Kevin McCarthy,Kevin McCarthy,Kevin McCarthy,Kevin McCarthy,Kevin McCarthy,Kevin McCarthy,Kevin McCarthy,Kevin McCarthy,Kevin McCarthy
"Hageman, Harriet",Wyoming At Large,Republican Party,Kevin McCarthy,Kevin McCarthy,Kevin McCarthy,Kevin McCarthy,Kevin McCarthy,Kevin McCarthy,Kevin McCarthy,Kevin McCarthy,Kevin McCarthy,Kevin McCarthy,Kevin McCarthy
"Harder, Josh",California 9th,Democratic Party,Hakeem Jeffries,Hakeem Jeffries,Hakeem Jeffries,Hakeem Jeffries,Hakeem Jeffries,Hakeem Jeffries,Hakeem Jeffries,Hakeem Jeffries,Hakeem Jeffries,Hakeem Jeffries,Hakeem Jeffries
"Harris, Andy",Maryland 1st,Republican Party,Lee Zeldin,Jim Jordan,Jim Jordan,Byron Donalds,Byron Donalds,Byron Donalds,Byron Donalds,Byron Donalds,Byron Donalds,Kevin Hern,Kevin Hern
"Harshbarger, Diana",Tennessee 1st,Republican Party,Kevin McCarthy,Kevin McCarthy,Kevin McCarthy,Kevin McCarthy,Kevin McCarthy,Kevin McCarthy,Kevin McCarthy,Kevin McCarthy,Kevin McCarthy,Kevin McCarthy,Kevin McCarthy
"Hayes, Jahana",Connecticut 5th,Democratic Party,Hakeem Jeffries,Hakeem Jeffries,Hakeem Jeffries,Hakeem Jeffries,Hakeem Jeffries,Hakeem Jeffries,Hakeem Jeffries,Hakeem Jeffries,Hakeem Jeffries,Hakeem Jeffries,Hakeem Jeffries
"Hern, Kevin",Oklahoma 1st,Republican Party,Kevin McCarthy,Kevin McCarthy,Kevin McCarthy,Kevin McCarthy,Kevin McCarthy,Kevin McCarthy,Kevin McCarthy,Kevin McCarthy,Kevin McCarthy,Kevin McCarthy,Kevin McCarthy
"Higgins, Brian",New York 26th,Democratic Party,Hakeem Jeffries,Hakeem Jeffries,Hakeem Jeffries,Hakeem Jeffries,Hakeem Jeffries,Hakeem Jeffries,Hakeem Jeffries,Hakeem Jeffries,Hakeem Jeffries,Hakeem Jeffries,Hakeem Jeffries
"Higgins, Clay",Louisiana 3rd,Republican Party,Kevin McCarthy,Kevin McCarthy,Kevin McCarthy,Kevin McCarthy,Kevin McCarthy,Kevin McCarthy,Kevin McCarthy,Kevin McCarthy,Kevin McCarthy,Kevin McCarthy,Kevin McCarthy
"Hill, J.",Arkansas 2nd,Republican Party,Kevin McCarthy,Kevin McCarthy,Kevin McCarthy,Kevin McCarthy,Kevin McCarthy,Kevin McCarthy,Kevin McCarthy,Kevin McCarthy,Kevin McCarthy,Kevin McCarthy,Kevin McCarthy
"Himes, James",Connecticut 4th,Democratic Party,Hakeem Jeffries,Hakeem Jeffries,Hakeem Jeffries,Hakeem Jeffries,Hakeem Jeffries,Hakeem Jeffries,Hakeem Jeffries,Hakeem Jeffries,Hakeem Jeffries,Hakeem Jeffries,Hakeem Jeffries
"Hinson, Ashley",Iowa 2nd,Republican Party,Kevin McCarthy,Kevin McCarthy,Kevin McCarthy,Kevin McCarthy,Kevin McCarthy,Kevin McCarthy,Kevin McCarthy,Kevin McCarthy,Kevin McCarthy,Kevin McCarthy,Kevin McCarthy
"Horsford, Steven",Nevada 4th,Democratic Party,Hakeem Jeffries,Hakeem Jeffries,Hakeem Jeffries,Hakeem Jeffries,Hakeem Jeffries,Hakeem Jeffries,Hakeem Jeffries,Hakeem Jeffries,Hakeem Jeffries,Hakeem Jeffries,Hakeem Jeffries
"Houchin, Erin",Indiana 9th,Republican Party,Kevin McCarthy,Kevin McCarthy,Kevin McCarthy,Kevin McCarthy,Kevin McCarthy,Kevin McCarthy,Kevin McCarthy,Kevin McCarthy,Kevin McCarthy,Kevin McCarthy,Kevin McCarthy
"Houlahan, Chrissy",Pennsylvania 6th,Democratic Party,Hakeem Jeffries,Hakeem Jeffries,Hakeem Jeffries,Hakeem Jeffries,Hakeem Jeffries,Hakeem Jeffries,Hakeem Jeffries,Hakeem Jeffries,Hakeem Jeffries,Hakeem Jeffries,Hakeem Jeffries
"Hoyer, Steny",Maryland 5th,Democratic Party,Hakeem Jeffries,Hakeem Jeffries,Hakeem Jeffries,Hakeem Jeffries,Hakeem Jeffries,Hakeem Jeffries,Hakeem Jeffries,Hakeem Jeffries,Hakeem Jeffries,Hakeem Jeffries,Hakeem Jeffries
"Hoyle, Val",Oregon 4th,Democratic Party,Hakeem Jeffries,Hakeem Jeffries,Hakeem Jeffries,Hakeem Jeffries,Hakeem Jeffries,Hakeem Jeffries,Hakeem Jeffries,Hakeem Jeffries,Hakeem Jeffries,Hakeem Jeffries,Hakeem Jeffries
"Hudson, Richard",North Carolina 9th,Republican Party,Kevin McCarthy,Kevin McCarthy,Kevin McCarthy,Kevin McCarthy,Kevin McCarthy,Kevin McCarthy,Kevin McCarthy,Kevin McCarthy,Kevin McCarthy,Kevin McCarthy,Kevin McCarthy
"Huffman, Jared",California 2nd,Democratic Party,Hakeem Jeffries,Hakeem Jeffries,Hakeem Jeffries,Hakeem Jeffries,Hakeem Jeffries,Hakeem Jeffries,Hakeem Jeffries,Hakeem Jeffries,Hakeem Jeffries,Hakeem Jeffries,Hakeem Jeffries
"Huizenga, Bill",Michigan 4th,Republican Party,Kevin McCarthy,Kevin McCarthy,Kevin McCarthy,Kevin McCarthy,Kevin McCarthy,Kevin McCarthy,Kevin McCarthy,Kevin McCarthy,Kevin McCarthy,Kevin McCarthy,Kevin McCarthy
"Hunt, Wesley",Texas 38th,Republican Party,Kevin McCarthy,Kevin McCarthy,Kevin McCarthy,Kevin McCarthy,Kevin McCarthy,Kevin McCarthy,Kevin McCarthy,Kevin McCarthy,Kevin McCarthy,Kevin McCarthy,Kevin McCarthy
"Issa, Darrell",California 48th,Republican Party,Kevin McCarthy,Kevin McCarthy,Kevin McCarthy,Kevin McCarthy,Kevin McCarthy,Kevin McCarthy,Kevin McCarthy,Kevin McCarthy,Kevin McCarthy,Kevin McCarthy,Kevin McCarthy
"Ivey, Glenn",Maryland 4th,Democratic Party,Hakeem Jeffries,Hakeem Jeffries,Hakeem Jeffries,Hakeem Jeffries,Hakeem Jeffries,Hakeem Jeffries,Hakeem Jeffries,Hakeem Jeffries,Hakeem Jeffries,Hakeem Jeffries,Hakeem Jeffries
"Jackson, Jeff",North Carolina 14th,Democratic Party,Hakeem Jeffries,Hakeem Jeffries,Hakeem Jeffries,Hakeem Jeffries,Hakeem Jeffries,Hakeem Jeffries,Hakeem Jeffries,Hakeem Jeffries,Hakeem Jeffries,Hakeem Jeffries,Hakeem Jeffries
"Jackson, Jonathan",Illinois 1st,Democratic Party,Hakeem Jeffries,Hakeem Jeffries,Hakeem Jeffries,Hakeem Jeffries,Hakeem Jeffries,Hakeem Jeffries,Hakeem Jeffries,Hakeem Jeffries,Hakeem Jeffries,Hakeem Jeffries,Hakeem Jeffries
"Jackson, Ronny",Texas 13th,Republican Party,Kevin McCarthy,Kevin McCarthy,Kevin McCarthy,Kevin McCarthy,Kevin McCarthy,Kevin McCarthy,Kevin McCarthy,Kevin McCarthy,Kevin McCarthy,Kevin McCarthy,Kevin McCarthy
"Jackson Lee, Sheila",Texas 18th,Democratic Party,Hakeem Jeffries,Hakeem Jeffries,Hakeem Jeffries,Hakeem Jeffries,Hakeem Jeffries,Hakeem Jeffries,Hakeem Jeffries,Hakeem Jeffries,Hakeem Jeffries,Hakeem Jeffries,Hakeem Jeffries
"Jacobs, Sara",California 51st,Democratic Party,Hakeem Jeffries,Hakeem Jeffries,Hakeem Jeffries,Hakeem Jeffries,Hakeem Jeffries,Hakeem Jeffries,Hakeem Jeffries,Hakeem Jeffries,Hakeem Jeffries,Hakeem Jeffries,Hakeem Jeffries
"James, John",Michigan 10th,Republican Party,Kevin McCarthy,Kevin McCarthy,Kevin McCarthy,Kevin McCarthy,Kevin McCarthy,Kevin McCarthy,Kevin McCarthy,Kevin McCarthy,Kevin McCarthy,Kevin McCarthy,Kevin McCarthy
"Jayapal, Pramila",Washington 7th,Democratic Party,Hakeem Jeffries,Hakeem Jeffries,Hakeem Jeffries,Hakeem Jeffries,Hakeem Jeffries,Hakeem Jeffries,Hakeem Jeffries,Hakeem Jeffries,Hakeem Jeffries,Hakeem Jeffries,Hakeem Jeffries
"Jeffries, Hakeem",New York 8th,Democratic Party,Hakeem Jeffries,Hakeem Jeffries,Hakeem Jeffries,Hakeem Jeffries,Hakeem Jeffries,Hakeem Jeffries,Hakeem Jeffries,Hakeem Jeffries,Hakeem Jeffries,Hakeem Jeffries,Hakeem Jeffries
"Johnson, Bill",Ohio 6th,Republican Party,Kevin McCarthy,Kevin McCarthy,Kevin McCarthy,Kevin McCarthy,Kevin McCarthy,Kevin McCarthy,Kevin McCarthy,Kevin McCarthy,Kevin McCarthy,Kevin McCarthy,Kevin McCarthy
"Johnson, Dusty",South Dakota At Large,Republican Party,Kevin McCarthy,Kevin McCarthy,Kevin McCarthy,Kevin McCarthy,Kevin McCarthy,Kevin McCarthy,Kevin McCarthy,Kevin McCarthy,Kevin McCarthy,Kevin McCarthy,Kevin McCarthy
"Johnson, Henry",Georgia 4th,Democratic Party,Hakeem Jeffries,Hakeem Jeffries,Hakeem Jeffries,Hakeem Jeffries,Hakeem Jeffries,Hakeem Jeffries,Hakeem Jeffries,Hakeem Jeffries,Hakeem Jeffries,Hakeem Jeffries,Hakeem Jeffries
"Johnson, Mike",Louisiana 4th,Republican Party,Kevin McCarthy,Kevin McCarthy,Kevin McCarthy,Kevin McCarthy,Kevin McCarthy,Kevin McCarthy,Kevin McCarthy,Kevin McCarthy,Kevin McCarthy,Kevin McCarthy,Kevin McCarthy
"Jordan, Jim",Ohio 4th,Republican Party,Kevin McCarthy,Kevin McCarthy,Kevin McCarthy,Kevin McCarthy,Kevin McCarthy,Kevin McCarthy,Kevin McCarthy,Kevin McCarthy,Kevin McCarthy,Kevin McCarthy,Kevin McCarthy
"Joyce, David",Ohio 14th,Republican Party,Kevin McCarthy,Kevin McCarthy,Kevin McCarthy,Kevin McCarthy,Kevin McCarthy,Kevin McCarthy,Kevin McCarthy,Kevin McCarthy,Kevin McCarthy,Kevin McCarthy,Kevin McCarthy
"Joyce, John",Pennsylvania 13th,Republican Party,Kevin McCarthy,Kevin McCarthy,Kevin McCarthy,Kevin McCarthy,Kevin McCarthy,Kevin McCarthy,Kevin McCarthy,Kevin McCarthy,Kevin McCarthy,Kevin McCarthy,Kevin McCarthy
"Kamlager-Dove, Sydney",California 37th,Democratic Party,Hakeem Jeffries,Hakeem Jeffries,Hakeem Jeffries,Hakeem Jeffries,Hakeem Jeffries,Hakeem Jeffries,Hakeem Jeffries,Hakeem Jeffries,Hakeem Jeffries,Hakeem Jeffries,Hakeem Jeffries
"Kaptur, Marcy",Ohio 9th,Democratic Party,Hakeem Jeffries,Hakeem Jeffries,Hakeem Jeffries,Hakeem Jeffries,Hakeem Jeffries,Hakeem Jeffries,Hakeem Jeffries,Hakeem Jeffries,Hakeem Jeffries,Hakeem Jeffries,Hakeem Jeffries
"Kean, Thomas",New Jersey 7th,Republican Party,Kevin McCarthy,Kevin McCarthy,Kevin McCarthy,Kevin McCarthy,Kevin McCarthy,Kevin McCarthy,Kevin McCarthy,Kevin McCarthy,Kevin McCarthy,Kevin McCarthy,Kevin McCarthy
"Keating, William",Massachusetts 9th,Democratic Party,Hakeem Jeffries,Hakeem Jeffries,Hakeem Jeffries,Hakeem Jeffries,Hakeem Jeffries,Hakeem Jeffries,Hakeem Jeffries,Hakeem Jeffries,Hakeem Jeffries,Hakeem Jeffries,Hakeem Jeffries
"Kelly, Mike",Pennsylvania 16th,Republican Party,Kevin McCarthy,Kevin McCarthy,Kevin McCarthy,Kevin McCarthy,Kevin McCarthy,Kevin McCarthy,Kevin McCarthy,Kevin McCarthy,Kevin McCarthy,Kevin McCarthy,Kevin McCarthy
"Kelly, Robin",Illinois 2nd,Democratic Party,Hakeem Jeffries,Hakeem Jeffries,Hakeem Jeffries,Hakeem Jeffries,Hakeem Jeffries,Hakeem Jeffries,Hakeem Jeffries,Hakeem Jeffries,Hakeem Jeffries,Hakeem Jeffries,Hakeem Jeffries
"Kelly, Trent",Mississippi 1st,Republican Party,Kevin McCarthy,Kevin McCarthy,Kevin McCarthy,Kevin McCarthy,Kevin McCarthy,Kevin McCarthy,Kevin McCarthy,Kevin McCarthy,Kevin McCarthy,Kevin McCarthy,Kevin McCarthy
"Khanna, Ro",California 17th,Democratic Party,Hakeem Jeffries,Hakeem Jeffries,Hakeem Jeffries,Hakeem Jeffries,Hakeem Jeffries,Hakeem Jeffries,Hakeem Jeffries,Hakeem Jeffries,Hakeem Jeffries,Hakeem Jeffries,Hakeem Jeffries
"Kiggans, Jennifer",Virginia 2nd,Republican Party,Kevin McCarthy,Kevin McCarthy,Kevin McCarthy,Kevin McCarthy,Kevin McCarthy,Kevin McCarthy,Kevin McCarthy,Kevin McCarthy,Kevin McCarthy,Kevin McCarthy,Kevin McCarthy
"Kildee, Daniel",Michigan 8th,Democratic Party,Hakeem Jeffries,Hakeem Jeffries,Hakeem Jeffries,Hakeem Jeffries,Hakeem Jeffries,Hakeem Jeffries,Hakeem Jeffries,Hakeem Jeffries,Hakeem Jeffries,Hakeem Jeffries,Hakeem Jeffries
"Kiley, Kevin",California 3rd,Republican Party,Kevin McCarthy,Kevin McCarthy,Kevin McCarthy,Kevin McCarthy,Kevin McCarthy,Kevin McCarthy,Kevin McCarthy,Kevin McCarthy,Kevin McCarthy,Kevin McCarthy,Kevin McCarthy
"Kilmer, Derek",Washington 6th,Democratic Party,Hakeem Jeffries,Hakeem Jeffries,Hakeem Jeffries,Hakeem Jeffries,Hakeem Jeffries,Hakeem Jeffries,Hakeem Jeffries,Hakeem Jeffries,Hakeem Jeffries,Hakeem Jeffries,Hakeem Jeffries
"Kim, Andy",New Jersey 3rd,Democratic Party,Hakeem Jeffries,Hakeem Jeffries,Hakeem Jeffries,Hakeem Jeffries,Hakeem Jeffries,Hakeem Jeffries,Hakeem Jeffries,Hakeem Jeffries,Hakeem Jeffries,Hakeem Jeffries,Hakeem Jeffries
"Kim, Young",California 40th,Republican Party,Kevin McCarthy,Kevin McCarthy,Kevin McCarthy,Kevin McCarthy,Kevin McCarthy,Kevin McCarthy,Kevin McCarthy,Kevin McCarthy,Kevin McCarthy,Kevin McCarthy,Kevin McCarthy
"Krishnamoorthi, Raja",Illinois 8th,Democratic Party,Hakeem Jeffries,Hakeem Jeffries,Hakeem Jeffries,Hakeem Jeffries,Hakeem Jeffries,Hakeem Jeffries,Hakeem Jeffries,Hakeem Jeffries,Hakeem Jeffries,Hakeem Jeffries,Hakeem Jeffries
"Kuster, Ann",New Hampshire 2nd,Democratic Party,Hakeem Jeffries,Hakeem Jeffries,Hakeem Jeffries,Hakeem Jeffries,Hakeem Jeffries,Hakeem Jeffries,Hakeem Jeffries,Hakeem Jeffries,Hakeem Jeffries,Hakeem Jeffries,Hakeem Jeffries
"Kustoff, David",Tennessee 8th,Republican Party,Kevin McCarthy,Kevin McCarthy,Kevin McCarthy,Kevin McCarthy,Kevin McCarthy,Kevin McCarthy,Kevin McCarthy,Kevin McCarthy,Kevin McCarthy,Kevin McCarthy,Kevin McCarthy
"LaHood, Darin",Illinois 16th,Republican Party,Kevin McCarthy,Kevin McCarthy,Kevin McCarthy,Kevin McCarthy,Kevin McCarthy,Kevin McCarthy,Kevin McCarthy,Kevin McCarthy,Kevin McCarthy,Kevin McCarthy,Kevin McCarthy
"LaLota, Nick",New York 1st,Republican Party,Kevin McCarthy,Kevin McCarthy,Kevin McCarthy,Kevin McCarthy,Kevin McCarthy,Kevin McCarthy,Kevin McCarthy,Kevin McCarthy,Kevin McCarthy,Kevin McCarthy,Kevin McCarthy
"LaMalfa, Doug",California 1st,Republican Party,Kevin McCarthy,Kevin McCarthy,Kevin McCarthy,Kevin McCarthy,Kevin McCarthy,Kevin McCarthy,Kevin McCarthy,Kevin McCarthy,Kevin McCarthy,Kevin McCarthy,Kevin McCarthy
"Lamborn, Doug",Colorado 5th,Republican Party,Kevin McCarthy,Kevin McCarthy,Kevin McCarthy,Kevin McCarthy,Kevin McCarthy,Kevin McCarthy,Kevin McCarthy,Kevin McCarthy,Kevin McCarthy,Kevin McCarthy,Kevin McCarthy
"Landsman, Greg",Ohio 1st,Democratic Party,Hakeem Jeffries,Hakeem Jeffries,Hakeem Jeffries,Hakeem Jeffries,Hakeem Jeffries,Hakeem Jeffries,Hakeem Jeffries,Hakeem Jeffries,Hakeem Jeffries,Hakeem Jeffries,Hakeem Jeffries
"Langworthy, Nicholas",New York 23rd,Republican Party,Kevin McCarthy,Kevin McCarthy,Kevin McCarthy,Kevin McCarthy,Kevin McCarthy,Kevin McCarthy,Kevin McCarthy,Kevin McCarthy,Kevin McCarthy,Kevin McCarthy,Kevin McCarthy
"Larsen, Rick",Washington 2nd,Democratic Party,Hakeem Jeffries,Hakeem Jeffries,Hakeem Jeffries,Hakeem Jeffries,Hakeem Jeffries,Hakeem Jeffries,Hakeem Jeffries,Hakeem Jeffries,Hakeem Jeffries,Hakeem Jeffries,Hakeem Jeffries
"Larson, John",Connecticut 1st,Democratic Party,Hakeem Jeffries,Hakeem Jeffries,Hakeem Jeffries,Hakeem Jeffries,Hakeem Jeffries,Hakeem Jeffries,Hakeem Jeffries,Hakeem Jeffries,Hakeem Jeffries,Hakeem Jeffries,Hakeem Jeffries
"Latta, Robert",Ohio 5th,Republican Party,Kevin McCarthy,Kevin McCarthy,Kevin McCarthy,Kevin McCarthy,Kevin McCarthy,Kevin McCarthy,Kevin McCarthy,Kevin McCarthy,Kevin McCarthy,Kevin McCarthy,Kevin McCarthy
"LaTurner, Jake",Kansas 2nd,Republican Party,Kevin McCarthy,Kevin McCarthy,Kevin McCarthy,Kevin McCarthy,Kevin McCarthy,Kevin McCarthy,Kevin McCarthy,Kevin McCarthy,Kevin McCarthy,Kevin McCarthy,Kevin McCarthy
"Lawler, Michael",New York 17th,Republican Party,Kevin McCarthy,Kevin McCarthy,Kevin McCarthy,Kevin McCarthy,Kevin McCarthy,Kevin McCarthy,Kevin McCarthy,Kevin McCarthy,Kevin McCarthy,Kevin McCarthy,Kevin McCarthy
"Lee, Barbara",California 12th,Democratic Party,Hakeem Jeffries,Hakeem Jeffries,Hakeem Jeffries,Hakeem Jeffries,Hakeem Jeffries,Hakeem Jeffries,Hakeem Jeffries,Hakeem Jeffries,Hakeem Jeffries,Hakeem Jeffries,Hakeem Jeffries
"Lee, Laurel",Florida 15th,Republican Party,Kevin McCarthy,Kevin McCarthy,Kevin McCarthy,Kevin McCarthy,Kevin McCarthy,Kevin McCarthy,Kevin McCarthy,Kevin McCarthy,Kevin McCarthy,Kevin McCarthy,Kevin McCarthy
"Lee, Summer",Pennsylvania 12th,Democratic Party,Hakeem Jeffries,Hakeem Jeffries,Hakeem Jeffries,Hakeem Jeffries,Hakeem Jeffries,Hakeem Jeffries,Hakeem Jeffries,Hakeem Jeffries,Hakeem Jeffries,Hakeem Jeffries,Hakeem Jeffries
"Lee, Susie",Nevada 3rd,Democratic Party,Hakeem Jeffries,Hakeem Jeffries,Hakeem Jeffries,Hakeem Jeffries,Hakeem Jeffries,Hakeem Jeffries,Hakeem Jeffries,Hakeem Jeffries,Hakeem Jeffries,Hakeem Jeffries,Hakeem Jeffries
"Leger Fernandez, Teresa",New Mexico 3rd,Democratic Party,Hakeem Jeffries,Hakeem Jeffries,Hakeem Jeffries,Hakeem Jeffries,Hakeem Jeffries,Hakeem Jeffries,Hakeem Jeffries,Hakeem Jeffries,Hakeem Jeffries,Hakeem Jeffries,Hakeem Jeffries
"Lesko, Debbie",Arizona 8th,Republican Party,Kevin McCarthy,Kevin McCarthy,Kevin McCarthy,Kevin McCarthy,Kevin McCarthy,Kevin McCarthy,Kevin McCarthy,Kevin McCarthy,Kevin McCarthy,Kevin McCarthy,Kevin McCarthy
"Letlow, Julia",Louisiana 5th,Republican Party,Kevin McCarthy,Kevin McCarthy,Kevin McCarthy,Kevin McCarthy,Kevin McCarthy,Kevin McCarthy,Kevin McCarthy,Kevin McCarthy,Kevin McCarthy,Kevin McCarthy,Kevin McCarthy
"Levin, Mike",California 49th,Democratic Party,Hakeem Jeffries,Hakeem Jeffries,Hakeem Jeffries,Hakeem Jeffries,Hakeem Jeffries,Hakeem Jeffries,Hakeem Jeffries,Hakeem Jeffries,Hakeem Jeffries,Hakeem Jeffries,Hakeem Jeffries
"Lieu, Ted",California 36th,Democratic Party,Hakeem Jeffries,Hakeem Jeffries,Hakeem Jeffries,Hakeem Jeffries,Hakeem Jeffries,Hakeem Jeffries,Hakeem Jeffries,Hakeem Jeffries,Hakeem Jeffries,Hakeem Jeffries,Hakeem Jeffries
"Lofgren, Zoe",California 18th,Democratic Party,Hakeem Jeffries,Hakeem Jeffries,Hakeem Jeffries,Hakeem Jeffries,Hakeem Jeffries,Hakeem Jeffries,Hakeem Jeffries,Hakeem Jeffries,Hakeem Jeffries,Hakeem Jeffries,Hakeem Jeffries
"Loudermilk, Barry",Georgia 11th,Republican Party,Kevin McCarthy,Kevin McCarthy,Kevin McCarthy,Kevin McCarthy,Kevin McCarthy,Kevin McCarthy,Kevin McCarthy,Kevin McCarthy,Kevin McCarthy,Kevin McCarthy,Kevin McCarthy
"Lucas, Frank",Oklahoma 3rd,Republican Party,Kevin McCarthy,Kevin McCarthy,Kevin McCarthy,Kevin McCarthy,Kevin McCarthy,Kevin McCarthy,Kevin McCarthy,Kevin McCarthy,Kevin McCarthy,Kevin McCarthy,Kevin McCarthy
"Luetkemeyer, Blaine",Missouri 3rd,Republican Party,Kevin McCarthy,Kevin McCarthy,Kevin McCarthy,Kevin McCarthy,Kevin McCarthy,Kevin McCarthy,Kevin McCarthy,Kevin McCarthy,Kevin McCarthy,Kevin McCarthy,Kevin McCarthy
"Luna, Anna Paulina",Florida 13th,Republican Party,Jim Jordan,Jim Jordan,Jim Jordan,Byron Donalds,Byron Donalds,Byron Donalds,Byron Donalds,Byron Donalds,Byron Donalds,Byron Donalds,Byron Donalds
"Luttrell, Morgan",Texas 8th,Republican Party,Kevin McCarthy,Kevin McCarthy,Kevin McCarthy,Kevin McCarthy,Kevin McCarthy,Kevin McCarthy,Kevin McCarthy,Kevin McCarthy,Kevin McCarthy,Kevin McCarthy,Kevin McCarthy
"Lynch, Stephen",Massachusetts 8th,Democratic Party,Hakeem Jeffries,Hakeem Jeffries,Hakeem Jeffries,Hakeem Jeffries,Hakeem Jeffries,Hakeem Jeffries,Hakeem Jeffries,Hakeem Jeffries,Hakeem Jeffries,Hakeem Jeffries,Hakeem Jeffries
"Mace, Nancy",South Carolina 1st,Republican Party,Kevin McCarthy,Kevin McCarthy,Kevin McCarthy,Kevin McCarthy,Kevin McCarthy,Kevin McCarthy,Kevin McCarthy,Kevin McCarthy,Kevin McCarthy,Kevin McCarthy,Kevin McCarthy
"Magaziner, Seth",Rhode Island 2nd,Democratic Party,Hakeem Jeffries,Hakeem Jeffries,Hakeem Jeffries,Hakeem Jeffries,Hakeem Jeffries,Hakeem Jeffries,Hakeem Jeffries,Hakeem Jeffries,Hakeem Jeffries,Hakeem Jeffries,Hakeem Jeffries
"Malliotakis, Nicole",New York 11th,Republican Party,Kevin McCarthy,Kevin McCarthy,Kevin McCarthy,Kevin McCarthy,Kevin McCarthy,Kevin McCarthy,Kevin McCarthy,Kevin McCarthy,Kevin McCarthy,Kevin McCarthy,Kevin McCarthy
"Mann, Tracey",Kansas 1st,Republican Party,Kevin McCarthy,Kevin McCarthy,Kevin McCarthy,Kevin McCarthy,Kevin McCarthy,Kevin McCarthy,Kevin McCarthy,Kevin McCarthy,Kevin McCarthy,Kevin McCarthy,Kevin McCarthy
"Manning, Kathy",North Carolina 6th,Democratic Party,Hakeem Jeffries,Hakeem Jeffries,Hakeem Jeffries,Hakeem Jeffries,Hakeem Jeffries,Hakeem Jeffries,Hakeem Jeffries,Hakeem Jeffries,Hakeem Jeffries,Hakeem Jeffries,Hakeem Jeffries
"Massie, Thomas",Kentucky 4th,Republican Party,Kevin McCarthy,Kevin McCarthy,Kevin McCarthy,Kevin McCarthy,Kevin McCarthy,Kevin McCarthy,Kevin McCarthy,Kevin McCarthy,Kevin McCarthy,Kevin McCarthy,Kevin McCarthy
"Mast, Brian",Florida 21st,Republican Party,Kevin McCarthy,Kevin McCarthy,Kevin McCarthy,Kevin McCarthy,Kevin McCarthy,Kevin McCarthy,Kevin McCarthy,Kevin McCarthy,Kevin McCarthy,Kevin McCarthy,Kevin McCarthy
"Matsui, Doris",California 7th,Democratic Party,Hakeem Jeffries,Hakeem Jeffries,Hakeem Jeffries,Hakeem Jeffries,Hakeem Jeffries,Hakeem Jeffries,Hakeem Jeffries,Hakeem Jeffries,Hakeem Jeffries,Hakeem Jeffries,Hakeem Jeffries
"McBath, Lucy",Georgia 7th,Democratic Party,Hakeem Jeffries,Hakeem Jeffries,Hakeem Jeffries,Hakeem Jeffries,Hakeem Jeffries,Hakeem Jeffries,Hakeem Jeffries,Hakeem Jeffries,Hakeem Jeffries,Hakeem Jeffries,Hakeem Jeffries
"McCarthy, Kevin",California 20th,Republican Party,Kevin McCarthy,Kevin McCarthy,Kevin McCarthy,Kevin McCarthy,Kevin McCarthy,Kevin McCarthy,Kevin McCarthy,Kevin McCarthy,Kevin McCarthy,Kevin McCarthy,Kevin McCarthy
"McCaul, Michael",Texas 10th,Republican Party,Kevin McCarthy,Kevin McCarthy,Kevin McCarthy,Kevin McCarthy,Kevin McCarthy,Kevin McCarthy,Kevin McCarthy,Kevin McCarthy,Kevin McCarthy,Kevin McCarthy,Kevin McCarthy
"McClain, Lisa",Michigan 9th,Republican Party,Kevin McCarthy,Kevin McCarthy,Kevin McCarthy,Kevin McCarthy,Kevin McCarthy,Kevin McCarthy,Kevin McCarthy,Kevin McCarthy,Kevin McCarthy,Kevin McCarthy,Kevin McCarthy
"McClintock, Tom",California 5th,Republican Party,Kevin McCarthy,Kevin McCarthy,Kevin McCarthy,Kevin McCarthy,Kevin McCarthy,Kevin McCarthy,Kevin McCarthy,Kevin McCarthy,Kevin McCarthy,Kevin McCarthy,Kevin McCarthy
"McCollum, Betty",Minnesota 4th,Democratic Party,Hakeem Jeffries,Hakeem Jeffries,Hakeem Jeffries,Hakeem Jeffries,Hakeem Jeffries,Hakeem Jeffries,Hakeem Jeffries,Hakeem Jeffries,Hakeem Jeffries,Hakeem Jeffries,Hakeem Jeffries
"McCormick, Richard",Georgia 6th,Republican Party,Kevin McCarthy,Kevin McCarthy,Kevin McCarthy,Kevin McCarthy,Kevin McCarthy,Kevin McCarthy,Kevin McCarthy,Kevin McCarthy,Kevin McCarthy,Kevin McCarthy,Kevin McCarthy
"McGarvey, Morgan",Kentucky 3rd,Democratic Party,Hakeem Jeffries,Hakeem Jeffries,Hakeem Jeffries,Hakeem Jeffries,Hakeem Jeffries,Hakeem Jeffries,Hakeem Jeffries,Hakeem Jeffries,Hakeem Jeffries,Hakeem Jeffries,Hakeem Jeffries
"McGovern, James",Massachusetts 2nd,Democratic Party,Hakeem Jeffries,Hakeem Jeffries,Hakeem Jeffries,Hakeem Jeffries,Hakeem Jeffries,Hakeem Jeffries,Hakeem Jeffries,Hakeem Jeffries,Hakeem Jeffries,Hakeem Jeffries,Hakeem Jeffries
"McHenry, Patrick",North Carolina 10th,Republican Party,Kevin McCarthy,Kevin McCarthy,Kevin McCarthy,Kevin McCarthy,Kevin McCarthy,Kevin McCarthy,Kevin McCarthy,Kevin McCarthy,Kevin McCarthy,Kevin McCarthy,Kevin McCarthy
"Meeks, Gregory",New York 5th,Democratic Party,Hakeem Jeffries,Hakeem Jeffries,Hakeem Jeffries,Hakeem Jeffries,Hakeem Jeffries,Hakeem Jeffries,Hakeem Jeffries,Hakeem Jeffries,Hakeem Jeffries,Hakeem Jeffries,Hakeem Jeffries
"Menendez, Robert",New Jersey 8th,Democratic Party,Hakeem Jeffries,Hakeem Jeffries,Hakeem Jeffries,Hakeem Jeffries,Hakeem Jeffries,Hakeem Jeffries,Hakeem Jeffries,Hakeem Jeffries,Hakeem Jeffries,Hakeem Jeffries,Hakeem Jeffries
"Meng, Grace",New York 6th,Democratic Party,Hakeem Jeffries,Hakeem Jeffries,Hakeem Jeffries,Hakeem Jeffries,Hakeem Jeffries,Hakeem Jeffries,Hakeem Jeffries,Hakeem Jeffries,Hakeem Jeffries,Hakeem Jeffries,Hakeem Jeffries
"Meuser, Daniel",Pennsylvania 9th,Republican Party,Kevin McCarthy,Kevin McCarthy,Kevin McCarthy,Kevin McCarthy,Kevin McCarthy,Kevin McCarthy,Kevin McCarthy,Kevin McCarthy,Kevin McCarthy,Kevin McCarthy,Kevin McCarthy
"Mfume, Kweisi",Maryland 7th,Democratic Party,Hakeem Jeffries,Hakeem Jeffries,Hakeem Jeffries,Hakeem Jeffries,Hakeem Jeffries,Hakeem Jeffries,Hakeem Jeffries,Hakeem Jeffries,Hakeem Jeffries,Hakeem Jeffries,Hakeem Jeffries
"Miller, Carol",West Virginia 1st,Republican Party,Kevin McCarthy,Kevin McCarthy,Kevin McCarthy,Kevin McCarthy,Kevin McCarthy,Kevin McCarthy,Kevin McCarthy,Kevin McCarthy,Kevin McCarthy,Kevin McCarthy,Kevin McCarthy
"Miller, Mary",Illinois 15th,Republican Party,Jim Jordan,Jim Jordan,Jim Jordan,Byron Donalds,Byron Donalds,Byron Donalds,Byron Donalds,Byron Donalds,Byron Donalds,Byron Donalds,Byron Donalds
"Miller, Max",Ohio 7th,Republican Party,Kevin McCarthy,Kevin McCarthy,Kevin McCarthy,Kevin McCarthy,Kevin McCarthy,Kevin McCarthy,Kevin McCarthy,Kevin McCarthy,Kevin McCarthy,Kevin McCarthy,Kevin McCarthy
"Miller-Meeks, Mariannette",Iowa 1st,Republican Party,Kevin McCarthy,Kevin McCarthy,Kevin McCarthy,Kevin McCarthy,Kevin McCarthy,Kevin McCarthy,Kevin McCarthy,Kevin McCarthy,Kevin McCarthy,Kevin McCarthy,Kevin McCarthy
"Mills, Cory",Florida 7th,Republican Party,Kevin McCarthy,Kevin McCarthy,Kevin McCarthy,Kevin McCarthy,Kevin McCarthy,Kevin McCarthy,Kevin McCarthy,Kevin McCarthy,Kevin McCarthy,Kevin McCarthy,Kevin McCarthy
"Molinaro, Marcus",New York 19th,Republican Party,Kevin McCarthy,Kevin McCarthy,Kevin McCarthy,Kevin McCarthy,Kevin McCarthy,Kevin McCarthy,Kevin McCarthy,Kevin McCarthy,Kevin McCarthy,Kevin McCarthy,Kevin McCarthy
"Moolenaar, John",Michigan 2nd,Republican Party,Kevin McCarthy,Kevin McCarthy,Kevin McCarthy,Kevin McCarthy,Kevin McCarthy,Kevin McCarthy,Kevin McCarthy,Kevin McCarthy,Kevin McCarthy,Kevin McCarthy,Kevin McCarthy
"Mooney, Alexander",West Virginia 2nd,Republican Party,Kevin McCarthy,Kevin McCarthy,Kevin McCarthy,Kevin McCarthy,Kevin McCarthy,Kevin McCarthy,Kevin McCarthy,Kevin McCarthy,Kevin McCarthy,Kevin McCarthy,Kevin McCarthy
"Moore, Barry",Alabama 2nd,Republican Party,Kevin McCarthy,Kevin McCarthy,Kevin McCarthy,Kevin McCarthy,Kevin McCarthy,Kevin McCarthy,Kevin McCarthy,Kevin McCarthy,Kevin McCarthy,Kevin McCarthy,Kevin McCarthy
"Moore, Blake",Utah 1st,Republican Party,Kevin McCarthy,Kevin McCarthy,Kevin McCarthy,Kevin McCarthy,Kevin McCarthy,Kevin McCarthy,Kevin McCarthy,Kevin McCarthy,Kevin McCarthy,Kevin McCarthy,Kevin McCarthy
"Moore, Gwen",Wisconsin 4th,Democratic Party,Hakeem Jeffries,Hakeem Jeffries,Hakeem Jeffries,Hakeem Jeffries,Hakeem Jeffries,Hakeem Jeffries,Hakeem Jeffries,Hakeem Jeffries,Hakeem Jeffries,Hakeem Jeffries,Hakeem Jeffries
"Moran, Nathaniel",Texas 1st,Republican Party,Kevin McCarthy,Kevin McCarthy,Kevin McCarthy,Kevin McCarthy,Kevin McCarthy,Kevin McCarthy,Kevin McCarthy,Kevin McCarthy,Kevin McCarthy,Kevin McCarthy,Kevin McCarthy
"Morelle, Joseph",New York 25th,Democratic Party,Hakeem Jeffries,Hakeem Jeffries,Hakeem Jeffries,Hakeem Jeffries,Hakeem Jeffries,Hakeem Jeffries,Hakeem Jeffries,Hakeem Jeffries,Hakeem Jeffries,Hakeem Jeffries,Hakeem Jeffries
"Moskowitz, Jared",Florida 23rd,Democratic Party,Hakeem Jeffries,Hakeem Jeffries,Hakeem Jeffries,Hakeem Jeffries,Hakeem Jeffries,Hakeem Jeffries,Hakeem Jeffries,Hakeem Jeffries,Hakeem Jeffries,Hakeem Jeffries,Hakeem Jeffries
"Moulton, Seth",Massachusetts 6th,Democratic Party,Hakeem Jeffries,Hakeem Jeffries,Hakeem Jeffries,Hakeem Jeffries,Hakeem Jeffries,Hakeem Jeffries,Hakeem Jeffries,Hakeem Jeffries,Hakeem Jeffries,Hakeem Jeffries,Hakeem Jeffries
"Mrvan, Frank",Indiana 1st,Democratic Party,Hakeem Jeffries,Hakeem Jeffries,Hakeem Jeffries,Hakeem Jeffries,Hakeem Jeffries,Hakeem Jeffries,Hakeem Jeffries,Hakeem Jeffries,Hakeem Jeffries,Hakeem Jeffries,Hakeem Jeffries
"Mullin, Kevin",California 15th,Democratic Party,Hakeem Jeffries,Hakeem Jeffries,Hakeem Jeffries,Hakeem Jeffries,Hakeem Jeffries,Hakeem Jeffries,Hakeem Jeffries,Hakeem Jeffries,Hakeem Jeffries,Hakeem Jeffries,Hakeem Jeffries
"Murphy, Gregory",North Carolina 3rd,Republican Party,Kevin McCarthy,Kevin McCarthy,Kevin McCarthy,Kevin McCarthy,Kevin McCarthy,Kevin McCarthy,Kevin McCarthy,Kevin McCarthy,Kevin McCarthy,Kevin McCarthy,Kevin McCarthy
"Nadler, Jerrold",New York 12th,Democratic Party,Hakeem Jeffries,Hakeem Jeffries,Hakeem Jeffries,Hakeem Jeffries,Hakeem Jeffries,Hakeem Jeffries,Hakeem Jeffries,Hakeem Jeffries,Hakeem Jeffries,Hakeem Jeffries,Hakeem Jeffries
"Napolitano, Grace",California 31st,Democratic Party,Hakeem Jeffries,Hakeem Jeffries,Hakeem Jeffries,Hakeem Jeffries,Hakeem Jeffries,Hakeem Jeffries,Hakeem Jeffries,Hakeem Jeffries,Hakeem Jeffries,Hakeem Jeffries,Hakeem Jeffries
"Neal, Richard",Massachusetts 1st,Democratic Party,Hakeem Jeffries,Hakeem Jeffries,Hakeem Jeffries,Hakeem Jeffries,Hakeem Jeffries,Hakeem Jeffries,Hakeem Jeffries,Hakeem Jeffries,Hakeem Jeffries,Hakeem Jeffries,Hakeem Jeffries
"Neguse, Joe",Colorado 2nd,Democratic Party,Hakeem Jeffries,Hakeem Jeffries,Hakeem Jeffries,Hakeem Jeffries,Hakeem Jeffries,Hakeem Jeffries,Hakeem Jeffries,Hakeem Jeffries,Hakeem Jeffries,Hakeem Jeffries,Hakeem Jeffries
"Nehls, Troy",Texas 22nd,Republican Party,Kevin McCarthy,Kevin McCarthy,Kevin McCarthy,Kevin McCarthy,Kevin McCarthy,Kevin McCarthy,Kevin McCarthy,Kevin McCarthy,Kevin McCarthy,Kevin McCarthy,Kevin McCarthy
"Newhouse, Dan",Washington 4th,Republican Party,Kevin McCarthy,Kevin McCarthy,Kevin McCarthy,Kevin McCarthy,Kevin McCarthy,Kevin McCarthy,Kevin McCarthy,Kevin McCarthy,Kevin McCarthy,Kevin McCarthy,Kevin McCarthy
"Nickel, Wiley",North Carolina 13th,Democratic Party,Hakeem Jeffries,Hakeem Jeffries,Hakeem Jeffries,Hakeem Jeffries,Hakeem Jeffries,Hakeem Jeffries,Hakeem Jeffries,Hakeem Jeffries,Hakeem Jeffries,Hakeem Jeffries,Hakeem Jeffries
"Norcross, Donald",New Jersey 1st,Democratic Party,Hakeem Jeffries,Hakeem Jeffries,Hakeem Jeffries,Hakeem Jeffries,Hakeem Jeffries,Hakeem Jeffries,Hakeem Jeffries,Hakeem Jeffries,Hakeem Jeffries,Hakeem Jeffries,Hakeem Jeffries
"Norman, Ralph",South Carolina 5th,Republican Party,Andy Biggs,Jim Jordan,Jim Jordan,Byron Donalds,Byron Donalds,Byron Donalds,Byron Donalds,Byron Donalds,Byron Donalds,Byron Donalds,Byron Donalds
"Nunn, Zachary",Iowa 3rd,Republican Party,Kevin McCarthy,Kevin McCarthy,Kevin McCarthy,Kevin McCarthy,Kevin McCarthy,Kevin McCarthy,Kevin McCarthy,Kevin McCarthy,Kevin McCarthy,Kevin McCarthy,Kevin McCarthy
"Obernolte, Jay",California 23rd,Republican Party,Kevin McCarthy,Kevin McCarthy,Kevin McCarthy,Kevin McCarthy,Kevin McCarthy,Kevin McCarthy,Kevin McCarthy,Kevin McCarthy,Kevin McCarthy,Kevin McCarthy,Kevin McCarthy
"Ocasio-Cortez, Alexandria",New York 14th,Democratic Party,Hakeem Jeffries,Hakeem Jeffries,Hakeem Jeffries,Hakeem Jeffries,Hakeem Jeffries,Hakeem Jeffries,Hakeem Jeffries,Hakeem Jeffries,Hakeem Jeffries,Hakeem Jeffries,Hakeem Jeffries
"Ogles, Andrew",Tennessee 5th,Republican Party,Jim Jordan,Jim Jordan,Jim Jordan,Byron Donalds,Byron Donalds,Byron Donalds,Byron Donalds,Byron Donalds,Byron Donalds,Byron Donalds,Byron Donalds
"Omar, Ilhan",Minnesota 5th,Democratic Party,Hakeem Jeffries,Hakeem Jeffries,Hakeem Jeffries,Hakeem Jeffries,Hakeem Jeffries,Hakeem Jeffries,Hakeem Jeffries,Hakeem Jeffries,Hakeem Jeffries,Hakeem Jeffries,Hakeem Jeffries
"Owens, Burgess",Utah 4th,Republican Party,Kevin McCarthy,Kevin McCarthy,Kevin McCarthy,Kevin McCarthy,Kevin McCarthy,Kevin McCarthy,Kevin McCarthy,Kevin McCarthy,Kevin McCarthy,Kevin McCarthy,Kevin McCarthy
"Pallone, Frank",New Jersey 6th,Democratic Party,Hakeem Jeffries,Hakeem Jeffries,Hakeem Jeffries,Hakeem Jeffries,Hakeem Jeffries,Hakeem Jeffries,Hakeem Jeffries,Hakeem Jeffries,Hakeem Jeffries,Hakeem Jeffries,Hakeem Jeffries
"Palmer, Gary",Alabama 6th,Republican Party,Kevin McCarthy,Kevin McCarthy,Kevin McCarthy,Kevin McCarthy,Kevin McCarthy,Kevin McCarthy,Kevin McCarthy,Kevin McCarthy,Kevin McCarthy,Kevin McCarthy,Kevin McCarthy
"Panetta, Jimmy",California 19th,Democratic Party,Hakeem Jeffries,Hakeem Jeffries,Hakeem Jeffries,Hakeem Jeffries,Hakeem Jeffries,Hakeem Jeffries,Hakeem Jeffries,Hakeem Jeffries,Hakeem Jeffries,Hakeem Jeffries,Hakeem Jeffries
"Pappas, Chris",New Hampshire 1st,Democratic Party,Hakeem Jeffries,Hakeem Jeffries,Hakeem Jeffries,Hakeem Jeffries,Hakeem Jeffries,Hakeem Jeffries,Hakeem Jeffries,Hakeem Jeffries,Hakeem Jeffries,Hakeem Jeffries,Hakeem Jeffries
"Pascrell, Bill",New Jersey 9th,Democratic Party,Hakeem Jeffries,Hakeem Jeffries,Hakeem Jeffries,Hakeem Jeffries,Hakeem Jeffries,Hakeem Jeffries,Hakeem Jeffries,Hakeem Jeffries,Hakeem Jeffries,Hakeem Jeffries,Hakeem Jeffries
"Payne, Donald",New Jersey 10th,Democratic Party,Hakeem Jeffries,Hakeem Jeffries,Hakeem Jeffries,Hakeem Jeffries,Hakeem Jeffries,Hakeem Jeffries,Hakeem Jeffries,Hakeem Jeffries,Hakeem Jeffries,Hakeem Jeffries,Hakeem Jeffries
"Pelosi, Nancy",California 11th,Democratic Party,Hakeem Jeffries,Hakeem Jeffries,Hakeem Jeffries,Hakeem Jeffries,Hakeem Jeffries,Hakeem Jeffries,Hakeem Jeffries,Hakeem Jeffries,Hakeem Jeffries,Hakeem Jeffries,Hakeem Jeffries
"Peltola, Mary",Alaska At Large,Democratic Party,Hakeem Jeffries,Hakeem Jeffries,Hakeem Jeffries,Hakeem Jeffries,Hakeem Jeffries,Hakeem Jeffries,Hakeem Jeffries,Hakeem Jeffries,Hakeem Jeffries,Hakeem Jeffries,Hakeem Jeffries
"Pence, Greg",Indiana 6th,Republican Party,Kevin McCarthy,Kevin McCarthy,Kevin McCarthy,Kevin McCarthy,Kevin McCarthy,Kevin McCarthy,Kevin McCarthy,Kevin McCarthy,Kevin McCarthy,Kevin McCarthy,Kevin McCarthy
"Perez, Marie",Washington 3rd,Democratic Party,Hakeem Jeffries,Hakeem Jeffries,Hakeem Jeffries,Hakeem Jeffries,Hakeem Jeffries,Hakeem Jeffries,Hakeem Jeffries,Hakeem Jeffries,Hakeem Jeffries,Hakeem Jeffries,Hakeem Jeffries
"Perry, Scott",Pennsylvania 10th,Republican Party,Andy Biggs,Jim Jordan,Jim Jordan,Byron Donalds,Byron Donalds,Byron Donalds,Byron Donalds,Byron Donalds,Byron Donalds,Byron Donalds,Byron Donalds
"Peters, Scott",California 50th,Democratic Party,Hakeem Jeffries,Hakeem Jeffries,Hakeem Jeffries,Hakeem Jeffries,Hakeem Jeffries,Hakeem Jeffries,Hakeem Jeffries,Hakeem Jeffries,Hakeem Jeffries,Hakeem Jeffries,Hakeem Jeffries
"Pettersen, Brittany",Colorado 7th,Democratic Party,Hakeem Jeffries,Hakeem Jeffries,Hakeem Jeffries,Hakeem Jeffries,Hakeem Jeffries,Hakeem Jeffries,Hakeem Jeffries,Hakeem Jeffries,Hakeem Jeffries,Hakeem Jeffries,Hakeem Jeffries
"Pfluger, August",Texas 11th,Republican Party,Kevin McCarthy,Kevin McCarthy,Kevin McCarthy,Kevin McCarthy,Kevin McCarthy,Kevin McCarthy,Kevin McCarthy,Kevin McCarthy,Kevin McCarthy,Kevin McCarthy,Kevin McCarthy
"Phillips, Dean",Minnesota 3rd,Democratic Party,Hakeem Jeffries,Hakeem Jeffries,Hakeem Jeffries,Hakeem Jeffries,Hakeem Jeffries,Hakeem Jeffries,Hakeem Jeffries,Hakeem Jeffries,Hakeem Jeffries,Hakeem Jeffries,Hakeem Jeffries
"Pingree, Chellie",Maine 1st,Democratic Party,Hakeem Jeffries,Hakeem Jeffries,Hakeem Jeffries,Hakeem Jeffries,Hakeem Jeffries,Hakeem Jeffries,Hakeem Jeffries,Hakeem Jeffries,Hakeem Jeffries,Hakeem Jeffries,Hakeem Jeffries
"Pocan, Mark",Wisconsin 2nd,Democratic Party,Hakeem Jeffries,Hakeem Jeffries,Hakeem Jeffries,Hakeem Jeffries,Hakeem Jeffries,Hakeem Jeffries,Hakeem Jeffries,Hakeem Jeffries,Hakeem Jeffries,Hakeem Jeffries,Hakeem Jeffries
"Porter, Katie",California 47th,Democratic Party,Hakeem Jeffries,Hakeem Jeffries,Hakeem Jeffries,Hakeem Jeffries,Hakeem Jeffries,Hakeem Jeffries,Hakeem Jeffries,Hakeem Jeffries,Hakeem Jeffries,Hakeem Jeffries,Hakeem Jeffries
"Posey, Bill",Florida 8th,Republican Party,Kevin McCarthy,Kevin McCarthy,Kevin McCarthy,Kevin McCarthy,Kevin McCarthy,Kevin McCarthy,Kevin McCarthy,Kevin McCarthy,Kevin McCarthy,Kevin McCarthy,Kevin McCarthy
"Pressley, Ayanna",Massachusetts 7th,Democratic Party,Hakeem Jeffries,Hakeem Jeffries,Hakeem Jeffries,Hakeem Jeffries,Hakeem Jeffries,Hakeem Jeffries,Hakeem Jeffries,Hakeem Jeffries,Hakeem Jeffries,Hakeem Jeffries,Hakeem Jeffries
"Quigley, Mike",Illinois 5th,Democratic Party,Hakeem Jeffries,Hakeem Jeffries,Hakeem Jeffries,Hakeem Jeffries,Hakeem Jeffries,Hakeem Jeffries,Hakeem Jeffries,Hakeem Jeffries,Hakeem Jeffries,Hakeem Jeffries,Hakeem Jeffries
"Ramirez, Delia",Illinois 3rd,Democratic Party,Hakeem Jeffries,Hakeem Jeffries,Hakeem Jeffries,Hakeem Jeffries,Hakeem Jeffries,Hakeem Jeffries,Hakeem Jeffries,Hakeem Jeffries,Hakeem Jeffries,Hakeem Jeffries,Hakeem Jeffries
"Raskin, Jamie",Maryland 8th,Democratic Party,Hakeem Jeffries,Hakeem Jeffries,Hakeem Jeffries,Hakeem Jeffries,Hakeem Jeffries,Hakeem Jeffries,Hakeem Jeffries,Hakeem Jeffries,Hakeem Jeffries,Hakeem Jeffries,Hakeem Jeffries
"Reschenthaler, Guy",Pennsylvania 14th,Republican Party,Kevin McCarthy,Kevin McCarthy,Kevin McCarthy,Kevin McCarthy,Kevin McCarthy,Kevin McCarthy,Kevin McCarthy,Kevin McCarthy,Kevin McCarthy,Kevin McCarthy,Kevin McCarthy
"Rodgers, Cathy",Washington 5th,Republican Party,Kevin McCarthy,Kevin McCarthy,Kevin McCarthy,Kevin McCarthy,Kevin McCarthy,Kevin McCarthy,Kevin McCarthy,Kevin McCarthy,Kevin McCarthy,Kevin McCarthy,Kevin McCarthy
"Rogers, Harold",Kentucky 5th,Republican Party,Kevin McCarthy,Kevin McCarthy,Kevin McCarthy,Kevin McCarthy,Kevin McCarthy,Kevin McCarthy,Kevin McCarthy,Kevin McCarthy,Kevin McCarthy,Kevin McCarthy,Kevin McCarthy
"Rogers, Mike",Alabama 3rd,Republican Party,Kevin McCarthy,Kevin McCarthy,Kevin McCarthy,Kevin McCarthy,Kevin McCarthy,Kevin McCarthy,Kevin McCarthy,Kevin McCarthy,Kevin McCarthy,Kevin McCarthy,Kevin McCarthy
"Rose, John",Tennessee 6th,Republican Party,Kevin McCarthy,Kevin McCarthy,Kevin McCarthy,Kevin McCarthy,Kevin McCarthy,Kevin McCarthy,Kevin McCarthy,Kevin McCarthy,Kevin McCarthy,Kevin McCarthy,Kevin McCarthy
"Rosendale, Matthew",Montana 2nd,Republican Party,Andy Biggs,Jim Jordan,Jim Jordan,Byron Donalds,Byron Donalds,Byron Donalds,Byron Donalds,Byron Donalds,Byron Donalds,Kevin Hern,Kevin Hern
"Ross, Deborah",North Carolina 2nd,Democratic Party,Hakeem Jeffries,Hakeem Jeffries,Hakeem Jeffries,Hakeem Jeffries,Hakeem Jeffries,Hakeem Jeffries,Hakeem Jeffries,Hakeem Jeffries,Hakeem Jeffries,Hakeem Jeffries,Hakeem Jeffries
"Rouzer, David",North Carolina 7th,Republican Party,Kevin McCarthy,Kevin McCarthy,Kevin McCarthy,Kevin McCarthy,Kevin McCarthy,Kevin McCarthy,Kevin McCarthy,Kevin McCarthy,Kevin McCarthy,Kevin McCarthy,Kevin McCarthy
"Roy, Chip",Texas 21st,Republican Party,Bryon Donalds,Jim Jordan,Jim Jordan,Byron Donalds,Byron Donalds,Byron Donalds,Byron Donalds,Byron Donalds,Byron Donalds,Byron Donalds,Byron Donalds
"Ruiz, Raul",California 25th,Democratic Party,Hakeem Jeffries,Hakeem Jeffries,Hakeem Jeffries,Hakeem Jeffries,Hakeem Jeffries,Hakeem Jeffries,Hakeem Jeffries,Hakeem Jeffries,Hakeem Jeffries,Hakeem Jeffries,Hakeem Jeffries
"Ruppersberger, C.",Maryland 2nd,Democratic Party,Hakeem Jeffries,Hakeem Jeffries,Hakeem Jeffries,Hakeem Jeffries,Hakeem Jeffries,Hakeem Jeffries,Hakeem Jeffries,Hakeem Jeffries,Hakeem Jeffries,Hakeem Jeffries,Hakeem Jeffries
"Rutherford, John",Florida 5th,Republican Party,Kevin McCarthy,Kevin McCarthy,Kevin McCarthy,Kevin McCarthy,Kevin McCarthy,Kevin McCarthy,Kevin McCarthy,Kevin McCarthy,Kevin McCarthy,Kevin McCarthy,Kevin McCarthy
"Ryan, Patrick",New York 18th,Democratic Party,Hakeem Jeffries,Hakeem Jeffries,Hakeem Jeffries,Hakeem Jeffries,Hakeem Jeffries,Hakeem Jeffries,Hakeem Jeffries,Hakeem Jeffries,Hakeem Jeffries,Hakeem Jeffries,Hakeem Jeffries
"Salazar, Maria",Florida 27th,Republican Party,Kevin McCarthy,Kevin McCarthy,Kevin McCarthy,Kevin McCarthy,Kevin McCarthy,Kevin McCarthy,Kevin McCarthy,Kevin McCarthy,Kevin McCarthy,Kevin McCarthy,Kevin McCarthy
"Salinas, Andrea",Oregon 6th,Democratic Party,Hakeem Jeffries,Hakeem Jeffries,Hakeem Jeffries,Hakeem Jeffries,Hakeem Jeffries,Hakeem Jeffries,Hakeem Jeffries,Hakeem Jeffries,Hakeem Jeffries,Hakeem Jeffries,Hakeem Jeffries
"Sanchez, Linda",California 38th,Democratic Party,Hakeem Jeffries,Hakeem Jeffries,Hakeem Jeffries,Hakeem Jeffries,Hakeem Jeffries,Hakeem Jeffries,Hakeem Jeffries,Hakeem Jeffries,Hakeem Jeffries,Hakeem Jeffries,Hakeem Jeffries
"Santos, George",New York 3rd,Republican Party,Kevin McCarthy,Kevin McCarthy,Kevin McCarthy,Kevin McCarthy,Kevin McCarthy,Kevin McCarthy,Kevin McCarthy,Kevin McCarthy,Kevin McCarthy,Kevin McCarthy,Kevin McCarthy
"Sarbanes, John",Maryland 3rd,Democratic Party,Hakeem Jeffries,Hakeem Jeffries,Hakeem Jeffries,Hakeem Jeffries,Hakeem Jeffries,Hakeem Jeffries,Hakeem Jeffries,Hakeem Jeffries,Hakeem Jeffries,Hakeem Jeffries,Hakeem Jeffries
"Scalise, Steve",Louisiana 1st,Republican Party,Kevin McCarthy,Kevin McCarthy,Kevin McCarthy,Kevin McCarthy,Kevin McCarthy,Kevin McCarthy,Kevin McCarthy,Kevin McCarthy,Kevin McCarthy,Kevin McCarthy,Kevin McCarthy
"Scanlon, Mary",Pennsylvania 5th,Democratic Party,Hakeem Jeffries,Hakeem Jeffries,Hakeem Jeffries,Hakeem Jeffries,Hakeem Jeffries,Hakeem Jeffries,Hakeem Jeffries,Hakeem Jeffries,Hakeem Jeffries,Hakeem Jeffries,Hakeem Jeffries
"Schakowsky, Janice",Illinois 9th,Democratic Party,Hakeem Jeffries,Hakeem Jeffries,Hakeem Jeffries,Hakeem Jeffries,Hakeem Jeffries,Hakeem Jeffries,Hakeem Jeffries,Hakeem Jeffries,Hakeem Jeffries,Hakeem Jeffries,Hakeem Jeffries
"Schiff, Adam",California 30th,Democratic Party,Hakeem Jeffries,Hakeem Jeffries,Hakeem Jeffries,Hakeem Jeffries,Hakeem Jeffries,Hakeem Jeffries,Hakeem Jeffries,Hakeem Jeffries,Hakeem Jeffries,Hakeem Jeffries,Hakeem Jeffries
"Schneider, Bradley",Illinois 10th,Democratic Party,Hakeem Jeffries,Hakeem Jeffries,Hakeem Jeffries,Hakeem Jeffries,Hakeem Jeffries,Hakeem Jeffries,Hakeem Jeffries,Hakeem Jeffries,Hakeem Jeffries,Hakeem Jeffries,Hakeem Jeffries
"Scholten, Hillary",Michigan 3rd,Democratic Party,Hakeem Jeffries,Hakeem Jeffries,Hakeem Jeffries,Hakeem Jeffries,Hakeem Jeffries,Hakeem Jeffries,Hakeem Jeffries,Hakeem Jeffries,Hakeem Jeffries,Hakeem Jeffries,Hakeem Jeffries
"Schrier, Kim",Washington 8th,Democratic Party,Hakeem Jeffries,Hakeem Jeffries,Hakeem Jeffries,Hakeem Jeffries,Hakeem Jeffries,Hakeem Jeffries,Hakeem Jeffries,Hakeem Jeffries,Hakeem Jeffries,Hakeem Jeffries,Hakeem Jeffries
"Schweikert, David",Arizona 1st,Republican Party,Kevin McCarthy,Kevin McCarthy,Kevin McCarthy,Kevin McCarthy,Kevin McCarthy,Kevin McCarthy,Kevin McCarthy,Kevin McCarthy,Kevin McCarthy,Kevin McCarthy,Kevin McCarthy
"Scott, Austin",Georgia 8th,Republican Party,Kevin McCarthy,Kevin McCarthy,Kevin McCarthy,Kevin McCarthy,Kevin McCarthy,Kevin McCarthy,Kevin McCarthy,Kevin McCarthy,Kevin McCarthy,Kevin McCarthy,Kevin McCarthy
"Scott, David",Georgia 13th,Democratic Party,Hakeem Jeffries,Hakeem Jeffries,Hakeem Jeffries,Hakeem Jeffries,Hakeem Jeffries,Hakeem Jeffries,Hakeem Jeffries,Hakeem Jeffries,Hakeem Jeffries,Hakeem Jeffries,Hakeem Jeffries
"Scott, Robert",Virginia 3rd,Democratic Party,Hakeem Jeffries,Hakeem Jeffries,Hakeem Jeffries,Hakeem Jeffries,Hakeem Jeffries,Hakeem Jeffries,Hakeem Jeffries,Hakeem Jeffries,Hakeem Jeffries,Hakeem Jeffries,Hakeem Jeffries
"Self, Keith",Texas 3rd,Republican Party,Jim Jordan,Jim Jordan,Jim Jordan,Byron Donalds,Byron Donalds,Byron Donalds,Byron Donalds,Byron Donalds,Byron Donalds,Byron Donalds,Byron Donalds
"Sessions, Pete",Texas 17th,Republican Party,Kevin McCarthy,Kevin McCarthy,Kevin McCarthy,Kevin McCarthy,Kevin McCarthy,Kevin McCarthy,Kevin McCarthy,Kevin McCarthy,Kevin McCarthy,Kevin McCarthy,Kevin McCarthy
"Sewell, Terri",Alabama 7th,Democratic Party,Hakeem Jeffries,Hakeem Jeffries,Hakeem Jeffries,Hakeem Jeffries,Hakeem Jeffries,Hakeem Jeffries,Hakeem Jeffries,Hakeem Jeffries,Hakeem Jeffries,Hakeem Jeffries,Hakeem Jeffries
"Sherman, Brad",California 32nd,Democratic Party,Hakeem Jeffries,Hakeem Jeffries,Hakeem Jeffries,Hakeem Jeffries,Hakeem Jeffries,Hakeem Jeffries,Hakeem Jeffries,Hakeem Jeffries,Hakeem Jeffries,Hakeem Jeffries,Hakeem Jeffries
"Sherrill, Mikie",New Jersey 11th,Democratic Party,Hakeem Jeffries,Hakeem Jeffries,Hakeem Jeffries,Hakeem Jeffries,Hakeem Jeffries,Hakeem Jeffries,Hakeem Jeffries,Hakeem Jeffries,Hakeem Jeffries,Hakeem Jeffries,Hakeem Jeffries
"Simpson, Michael",Idaho 2nd,Republican Party,Kevin McCarthy,Kevin McCarthy,Kevin McCarthy,Kevin McCarthy,Kevin McCarthy,Kevin McCarthy,Kevin McCarthy,Kevin McCarthy,Kevin McCarthy,Kevin McCarthy,Kevin McCarthy
"Slotkin, Elissa",Michigan 7th,Democratic Party,Hakeem Jeffries,Hakeem Jeffries,Hakeem Jeffries,Hakeem Jeffries,Hakeem Jeffries,Hakeem Jeffries,Hakeem Jeffries,Hakeem Jeffries,Hakeem Jeffries,Hakeem Jeffries,Hakeem Jeffries
"Smith, Adam",Washington 9th,Democratic Party,Hakeem Jeffries,Hakeem Jeffries,Hakeem Jeffries,Hakeem Jeffries,Hakeem Jeffries,Hakeem Jeffries,Hakeem Jeffries,Hakeem Jeffries,Hakeem Jeffries,Hakeem Jeffries,Hakeem Jeffries
"Smith, Adrian",Nebraska 3rd,Republican Party,Kevin McCarthy,Kevin McCarthy,Kevin McCarthy,Kevin McCarthy,Kevin McCarthy,Kevin McCarthy,Kevin McCarthy,Kevin McCarthy,Kevin McCarthy,Kevin McCarthy,Kevin McCarthy
"Smith, Christopher",New Jersey 4th,Republican Party,Kevin McCarthy,Kevin McCarthy,Kevin McCarthy,Kevin McCarthy,Kevin McCarthy,Kevin McCarthy,Kevin McCarthy,Kevin McCarthy,Kevin McCarthy,Kevin McCarthy,Kevin McCarthy
"Smith, Jason",Missouri 8th,Republican Party,Kevin McCarthy,Kevin McCarthy,Kevin McCarthy,Kevin McCarthy,Kevin McCarthy,Kevin McCarthy,Kevin McCarthy,Kevin McCarthy,Kevin McCarthy,Kevin McCarthy,Kevin McCarthy
"Smucker, Lloyd",Pennsylvania 11th,Republican Party,Kevin McCarthy,Kevin McCarthy,Kevin McCarthy,Kevin McCarthy,Kevin McCarthy,Kevin McCarthy,Kevin McCarthy,Kevin McCarthy,Kevin McCarthy,Kevin McCarthy,Kevin McCarthy
"Sorensen, Eric",Illinois 17th,Democratic Party,Hakeem Jeffries,Hakeem Jeffries,Hakeem Jeffries,Hakeem Jeffries,Hakeem Jeffries,Hakeem Jeffries,Hakeem Jeffries,Hakeem Jeffries,Hakeem Jeffries,Hakeem Jeffries,Hakeem Jeffries
"Soto, Darren",Florida 9th,Democratic Party,Hakeem Jeffries,Hakeem Jeffries,Hakeem Jeffries,Hakeem Jeffries,Hakeem Jeffries,Hakeem Jeffries,Hakeem Jeffries,Hakeem Jeffries,Hakeem Jeffries,Hakeem Jeffries,Hakeem Jeffries
"Spanberger, Abigail",Virginia 7th,Democratic Party,Hakeem Jeffries,Hakeem Jeffries,Hakeem Jeffries,Hakeem Jeffries,Hakeem Jeffries,Hakeem Jeffries,Hakeem Jeffries,Hakeem Jeffries,Hakeem Jeffries,Hakeem Jeffries,Hakeem Jeffries
"Spartz, Victoria",Indiana 5th,Republican Party,Kevin McCarthy,Kevin McCarthy,Kevin McCarthy,N/A (Present),N/A (Present),N/A (Present),N/A (Present),N/A (Present),N/A (Present),N/A (Present),N/A (Present)
"Stansbury, Melanie",New Mexico 1st,Democratic Party,Hakeem Jeffries,Hakeem Jeffries,Hakeem Jeffries,Hakeem Jeffries,Hakeem Jeffries,Hakeem Jeffries,Hakeem Jeffries,Hakeem Jeffries,Hakeem Jeffries,Hakeem Jeffries,Hakeem Jeffries
"Stanton, Greg",Arizona 4th,Democratic Party,Hakeem Jeffries,Hakeem Jeffries,Hakeem Jeffries,Hakeem Jeffries,Hakeem Jeffries,Hakeem Jeffries,Hakeem Jeffries,Hakeem Jeffries,Hakeem Jeffries,Hakeem Jeffries,Hakeem Jeffries
"Stauber, Pete",Minnesota 8th,Republican Party,Kevin McCarthy,Kevin McCarthy,Kevin McCarthy,Kevin McCarthy,Kevin McCarthy,Kevin McCarthy,Kevin McCarthy,Kevin McCarthy,Kevin McCarthy,Kevin McCarthy,Kevin McCarthy
"Steel, Michelle",California 45th,Republican Party,Kevin McCarthy,Kevin McCarthy,Kevin McCarthy,Kevin McCarthy,Kevin McCarthy,Kevin McCarthy,Kevin McCarthy,Kevin McCarthy,Kevin McCarthy,Kevin McCarthy,Kevin McCarthy
"Stefanik, Elise",New York 21st,Republican Party,Kevin McCarthy,Kevin McCarthy,Kevin McCarthy,Kevin McCarthy,Kevin McCarthy,Kevin McCarthy,Kevin McCarthy,Kevin McCarthy,Kevin McCarthy,Kevin McCarthy,Kevin McCarthy
"Steil, Bryan",Wisconsin 1st,Republican Party,Kevin McCarthy,Kevin McCarthy,Kevin McCarthy,Kevin McCarthy,Kevin McCarthy,Kevin McCarthy,Kevin McCarthy,Kevin McCarthy,Kevin McCarthy,Kevin McCarthy,Kevin McCarthy
"Steube, W.",Florida 17th,Republican Party,Kevin McCarthy,Kevin McCarthy,Kevin McCarthy,Kevin McCarthy,Kevin McCarthy,Kevin McCarthy,Kevin McCarthy,Kevin McCarthy,Kevin McCarthy,Kevin McCarthy,Kevin McCarthy
"Stevens, Haley",Michigan 11th,Democratic Party,Hakeem Jeffries,Hakeem Jeffries,Hakeem Jeffries,Hakeem Jeffries,Hakeem Jeffries,Hakeem Jeffries,Hakeem Jeffries,Hakeem Jeffries,Hakeem Jeffries,Hakeem Jeffries,Hakeem Jeffries
"Stewart, Chris",Utah 2nd,Republican Party,Kevin McCarthy,Kevin McCarthy,Kevin McCarthy,Kevin McCarthy,Kevin McCarthy,Kevin McCarthy,Kevin McCarthy,Kevin McCarthy,Kevin McCarthy,Kevin McCarthy,Kevin McCarthy
"Strickland, Marilyn",Washington 10th,Democratic Party,Hakeem Jeffries,Hakeem Jeffries,Hakeem Jeffries,Hakeem Jeffries,Hakeem Jeffries,Hakeem Jeffries,Hakeem Jeffries,Hakeem Jeffries,Hakeem Jeffries,Hakeem Jeffries,Hakeem Jeffries
"Strong, Dale",Alabama 5th,Republican Party,Kevin McCarthy,Kevin McCarthy,Kevin McCarthy,Kevin McCarthy,Kevin McCarthy,Kevin McCarthy,Kevin McCarthy,Kevin McCarthy,Kevin McCarthy,Kevin McCarthy,Kevin McCarthy
"Swalwell, Eric",California 14th,Democratic Party,Hakeem Jeffries,Hakeem Jeffries,Hakeem Jeffries,Hakeem Jeffries,Hakeem Jeffries,Hakeem Jeffries,Hakeem Jeffries,Hakeem Jeffries,Hakeem Jeffries,Hakeem Jeffries,Hakeem Jeffries
"Sykes, Emilia",Ohio 13th,Democratic Party,Hakeem Jeffries,Hakeem Jeffries,Hakeem Jeffries,Hakeem Jeffries,Hakeem Jeffries,Hakeem Jeffries,Hakeem Jeffries,Hakeem Jeffries,Hakeem Jeffries,Hakeem Jeffries,Hakeem Jeffries
"Takano, Mark",California 39th,Democratic Party,Hakeem Jeffries,Hakeem Jeffries,Hakeem Jeffries,Hakeem Jeffries,Hakeem Jeffries,Hakeem Jeffries,Hakeem Jeffries,Hakeem Jeffries,Hakeem Jeffries,Hakeem Jeffries,Hakeem Jeffries
"Tenney, Claudia",New York 24th,Republican Party,Kevin McCarthy,Kevin McCarthy,Kevin McCarthy,Kevin McCarthy,Kevin McCarthy,Kevin McCarthy,Kevin McCarthy,Kevin McCarthy,Kevin McCarthy,Kevin McCarthy,Kevin McCarthy
"Thanedar, Shri",Michigan 13th,Democratic Party,Hakeem Jeffries,Hakeem Jeffries,Hakeem Jeffries,Hakeem Jeffries,Hakeem Jeffries,Hakeem Jeffries,Hakeem Jeffries,Hakeem Jeffries,Hakeem Jeffries,Hakeem Jeffries,Hakeem Jeffries
"Thompson, Bennie",Mississippi 2nd,Democratic Party,Hakeem Jeffries,Hakeem Jeffries,Hakeem Jeffries,Hakeem Jeffries,Hakeem Jeffries,Hakeem Jeffries,Hakeem Jeffries,Hakeem Jeffries,Hakeem Jeffries,Hakeem Jeffries,Hakeem Jeffries
"Thompson, Glenn",Pennsylvania 15th,Republican Party,Kevin McCarthy,Kevin McCarthy,Kevin McCarthy,Kevin McCarthy,Kevin McCarthy,Kevin McCarthy,Kevin McCarthy,Kevin McCarthy,Kevin McCarthy,Kevin McCarthy,Kevin McCarthy
"Thompson, Mike",California 4th,Democratic Party,Hakeem Jeffries,Hakeem Jeffries,Hakeem Jeffries,Hakeem Jeffries,Hakeem Jeffries,Hakeem Jeffries,Hakeem Jeffries,Hakeem Jeffries,Hakeem Jeffries,Hakeem Jeffries,Hakeem Jeffries
"Tiffany, Thomas",Wisconsin 7th,Republican Party,Kevin McCarthy,Kevin McCarthy,Kevin McCarthy,Kevin McCarthy,Kevin McCarthy,Kevin McCarthy,Kevin McCarthy,Kevin McCarthy,Kevin McCarthy,Kevin McCarthy,Kevin McCarthy
"Timmons, William",South Carolina 4th,Republican Party,Kevin McCarthy,Kevin McCarthy,Kevin McCarthy,Kevin McCarthy,Kevin McCarthy,Kevin McCarthy,Kevin McCarthy,Kevin McCarthy,Kevin McCarthy,Kevin McCarthy,Kevin McCarthy
"Titus, Dina",Nevada 1st,Democratic Party,Hakeem Jeffries,Hakeem Jeffries,Hakeem Jeffries,Hakeem Jeffries,Hakeem Jeffries,Hakeem Jeffries,Hakeem Jeffries,Hakeem Jeffries,Hakeem Jeffries,Hakeem Jeffries,Hakeem Jeffries
"Tlaib, Rashida",Michigan 12th,Democratic Party,Hakeem Jeffries,Hakeem Jeffries,Hakeem Jeffries,Hakeem Jeffries,Hakeem Jeffries,Hakeem Jeffries,Hakeem Jeffries,Hakeem Jeffries,Hakeem Jeffries,Hakeem Jeffries,Hakeem Jeffries
"Tokuda, Jill",Hawaii 2nd,Democratic Party,Hakeem Jeffries,Hakeem Jeffries,Hakeem Jeffries,Hakeem Jeffries,Hakeem Jeffries,Hakeem Jeffries,Hakeem Jeffries,Hakeem Jeffries,Hakeem Jeffries,Hakeem Jeffries,Hakeem Jeffries
"Tonko, Paul",New York 20th,Democratic Party,Hakeem Jeffries,Hakeem Jeffries,Hakeem Jeffries,Hakeem Jeffries,Hakeem Jeffries,Hakeem Jeffries,Hakeem Jeffries,Hakeem Jeffries,Hakeem Jeffries,Hakeem Jeffries,Hakeem Jeffries
"Torres, Norma",California 35th,Democratic Party,Hakeem Jeffries,Hakeem Jeffries,Hakeem Jeffries,Hakeem Jeffries,Hakeem Jeffries,Hakeem Jeffries,Hakeem Jeffries,Hakeem Jeffries,Hakeem Jeffries,Hakeem Jeffries,Hakeem Jeffries
"Torres, Ritchie",New York 15th,Democratic Party,Hakeem Jeffries,Hakeem Jeffries,Hakeem Jeffries,Hakeem Jeffries,Hakeem Jeffries,Hakeem Jeffries,Hakeem Jeffries,Hakeem Jeffries,Hakeem Jeffries,Hakeem Jeffries,Hakeem Jeffries
"Trahan, Lori",Massachusetts 3rd,Democratic Party,Hakeem Jeffries,Hakeem Jeffries,Hakeem Jeffries,Hakeem Jeffries,Hakeem Jeffries,Hakeem Jeffries,Hakeem Jeffries,Hakeem Jeffries,Hakeem Jeffries,Hakeem Jeffries,Hakeem Jeffries
"Trone, David",Maryland 6th,Democratic Party,Hakeem Jeffries,Hakeem Jeffries,Hakeem Jeffries,Hakeem Jeffries,Hakeem Jeffries,Hakeem Jeffries,Hakeem Jeffries,Hakeem Jeffries,Hakeem Jeffries,Hakeem Jeffries,Hakeem Jeffries
"Turner, Michael",Ohio 10th,Republican Party,Kevin McCarthy,Kevin McCarthy,Kevin McCarthy,Kevin McCarthy,Kevin McCarthy,Kevin McCarthy,Kevin McCarthy,Kevin McCarthy,Kevin McCarthy,Kevin McCarthy,Kevin McCarthy
"Underwood, Lauren",Illinois 14th,Democratic Party,Hakeem Jeffries,Hakeem Jeffries,Hakeem Jeffries,Hakeem Jeffries,Hakeem Jeffries,Hakeem Jeffries,Hakeem Jeffries,Hakeem Jeffries,Hakeem Jeffries,Hakeem Jeffries,Hakeem Jeffries
"Valadao, David",California 22nd,Republican Party,Kevin McCarthy,Kevin McCarthy,Kevin McCarthy,Kevin McCarthy,Kevin McCarthy,Kevin McCarthy,Kevin McCarthy,Kevin McCarthy,Kevin McCarthy,Kevin McCarthy,Kevin McCarthy
"Van Drew, Jefferson",New Jersey 2nd,Republican Party,Kevin McCarthy,Kevin McCarthy,Kevin McCarthy,Kevin McCarthy,Kevin McCarthy,Kevin McCarthy,Kevin McCarthy,Kevin McCarthy,Kevin McCarthy,Kevin McCarthy,Kevin McCarthy
"Van Duyne, Beth",Texas 24th,Republican Party,Kevin McCarthy,Kevin McCarthy,Kevin McCarthy,Kevin McCarthy,Kevin McCarthy,Kevin McCarthy,Kevin McCarthy,Kevin McCarthy,Kevin McCarthy,Kevin McCarthy,Kevin McCarthy
"Van Orden, Derrick",Wisconsin 3rd,Republican Party,Kevin McCarthy,Kevin McCarthy,Kevin McCarthy,Kevin McCarthy,Kevin McCarthy,Kevin McCarthy,Kevin McCarthy,Kevin McCarthy,Kevin McCarthy,Kevin McCarthy,Kevin McCarthy
"Vargas, Juan",California 52nd,Democratic Party,Hakeem Jeffries,Hakeem Jeffries,Hakeem Jeffries,Hakeem Jeffries,Hakeem Jeffries,Hakeem Jeffries,Hakeem Jeffries,Hakeem Jeffries,Hakeem Jeffries,Hakeem Jeffries,Hakeem Jeffries
"Vasquez, Gabe",New Mexico 2nd,Democratic Party,Hakeem Jeffries,Hakeem Jeffries,Hakeem Jeffries,Hakeem Jeffries,Hakeem Jeffries,Hakeem Jeffries,Hakeem Jeffries,Hakeem Jeffries,Hakeem Jeffries,Hakeem Jeffries,Hakeem Jeffries
"Veasey, Marc",Texas 33rd,Democratic Party,Hakeem Jeffries,Hakeem Jeffries,Hakeem Jeffries,Hakeem Jeffries,Hakeem Jeffries,Hakeem Jeffries,Hakeem Jeffries,Hakeem Jeffries,Hakeem Jeffries,Hakeem Jeffries,Hakeem Jeffries
"Velazquez, Nydia",New York 7th,Democratic Party,Hakeem Jeffries,Hakeem Jeffries,Hakeem Jeffries,Hakeem Jeffries,Hakeem Jeffries,Hakeem Jeffries,Hakeem Jeffries,Hakeem Jeffries,Hakeem Jeffries,Hakeem Jeffries,Hakeem Jeffries
"Wagner, Ann",Missouri 2nd,Republican Party,Kevin McCarthy,Kevin McCarthy,Kevin McCarthy,Kevin McCarthy,Kevin McCarthy,Kevin McCarthy,Kevin McCarthy,Kevin McCarthy,Kevin McCarthy,Kevin McCarthy,Kevin McCarthy
"Walberg, Tim",Michigan 5th,Republican Party,Kevin McCarthy,Kevin McCarthy,Kevin McCarthy,Kevin McCarthy,Kevin McCarthy,Kevin McCarthy,Kevin McCarthy,Kevin McCarthy,Kevin McCarthy,Kevin McCarthy,Kevin McCarthy
"Waltz, Michael",Florida 6th,Republican Party,Kevin McCarthy,Kevin McCarthy,Kevin McCarthy,Kevin McCarthy,Kevin McCarthy,Kevin McCarthy,Kevin McCarthy,Kevin McCarthy,Kevin McCarthy,Kevin McCarthy,Kevin McCarthy
"Wasserman Schultz, Debbie",Florida 25th,Democratic Party,Hakeem Jeffries,Hakeem Jeffries,Hakeem Jeffries,Hakeem Jeffries,Hakeem Jeffries,Hakeem Jeffries,Hakeem Jeffries,Hakeem Jeffries,Hakeem Jeffries,Hakeem Jeffries,Hakeem Jeffries
"Waters, Maxine",California 43rd,Democratic Party,Hakeem Jeffries,Hakeem Jeffries,Hakeem Jeffries,Hakeem Jeffries,Hakeem Jeffries,Hakeem Jeffries,Hakeem Jeffries,Hakeem Jeffries,Hakeem Jeffries,Hakeem Jeffries,Hakeem Jeffries
"Watson Coleman, Bonnie",New Jersey 12th,Democratic Party,Hakeem Jeffries,Hakeem Jeffries,Hakeem Jeffries,Hakeem Jeffries,Hakeem Jeffries,Hakeem Jeffries,Hakeem Jeffries,Hakeem Jeffries,Hakeem Jeffries,Hakeem Jeffries,Hakeem Jeffries
"Weber, Randy",Texas 14th,Republican Party,Kevin McCarthy,Kevin McCarthy,Kevin McCarthy,Kevin McCarthy,Kevin McCarthy,Kevin McCarthy,Kevin McCarthy,Kevin McCarthy,Kevin McCarthy,Kevin McCarthy,Kevin McCarthy
"Webster, Daniel",Florida 11th,Republican Party,Kevin McCarthy,Kevin McCarthy,Kevin McCarthy,Kevin McCarthy,Kevin McCarthy,Kevin McCarthy,Kevin McCarthy,Kevin McCarthy,Kevin McCarthy,Kevin McCarthy,Kevin McCarthy
"Wenstrup, Brad",Ohio 2nd,Republican Party,Kevin McCarthy,Kevin McCarthy,Kevin McCarthy,Kevin McCarthy,Kevin McCarthy,Kevin McCarthy,Kevin McCarthy,Kevin McCarthy,Kevin McCarthy,Kevin McCarthy,Kevin McCarthy
"Westerman, Bruce",Arkansas 4th,Republican Party,Kevin McCarthy,Kevin McCarthy,Kevin McCarthy,Kevin McCarthy,Kevin McCarthy,Kevin McCarthy,Kevin McCarthy,Kevin McCarthy,Kevin McCarthy,Kevin McCarthy,Kevin McCarthy
"Wexton, Jennifer",Virginia 10th,Democratic Party,Hakeem Jeffries,Hakeem Jeffries,Hakeem Jeffries,Hakeem Jeffries,Hakeem Jeffries,Hakeem Jeffries,Hakeem Jeffries,Hakeem Jeffries,Hakeem Jeffries,Hakeem Jeffries,Hakeem Jeffries
"Wild, Susan",Pennsylvania 7th,Democratic Party,Hakeem Jeffries,Hakeem Jeffries,Hakeem Jeffries,Hakeem Jeffries,Hakeem Jeffries,Hakeem Jeffries,Hakeem Jeffries,Hakeem Jeffries,Hakeem Jeffries,Hakeem Jeffries,Hakeem Jeffries
"Williams, Brandon",New York 22nd,Republican Party,Kevin McCarthy,Kevin McCarthy,Kevin McCarthy,Kevin McCarthy,Kevin McCarthy,Kevin McCarthy,Kevin McCarthy,Kevin McCarthy,Kevin McCarthy,Kevin McCarthy,Kevin McCarthy
"Williams, Nikema",Georgia 5th,Democratic Party,Hakeem Jeffries,Hakeem Jeffries,Hakeem Jeffries,Hakeem Jeffries,Hakeem Jeffries,Hakeem Jeffries,Hakeem Jeffries,Hakeem Jeffries,Hakeem Jeffries,Hakeem Jeffries,Hakeem Jeffries
"Williams, Roger",Texas 25th,Republican Party,Kevin McCarthy,Kevin McCarthy,Kevin McCarthy,Kevin McCarthy,Kevin McCarthy,Kevin McCarthy,Kevin McCarthy,Kevin McCarthy,Kevin McCarthy,Kevin McCarthy,Kevin McCarthy
"Wilson, Frederica",Florida 24th,Democratic Party,Hakeem Jeffries,Hakeem Jeffries,Hakeem Jeffries,Hakeem Jeffries,Hakeem Jeffries,Hakeem Jeffries,Hakeem Jeffries,Hakeem Jeffries,Hakeem Jeffries,Hakeem Jeffries,Hakeem Jeffries
"Wilson, Joe",South Carolina 2nd,Republican Party,Kevin McCarthy,Kevin McCarthy,Kevin McCarthy,Kevin McCarthy,Kevin McCarthy,Kevin McCarthy,Kevin McCarthy,Kevin McCarthy,Kevin McCarthy,Kevin McCarthy,Kevin McCarthy
"Wittman, Robert",Virginia 1st,Republican Party,Kevin McCarthy,Kevin McCarthy,Kevin McCarthy,Kevin McCarthy,Kevin McCarthy,Kevin McCarthy,Kevin McCarthy,Kevin McCarthy,Kevin McCarthy,Kevin McCarthy,Kevin McCarthy
"Womack, Steve",Arkansas 3rd,Republican Party,Kevin McCarthy,Kevin McCarthy,Kevin McCarthy,Kevin McCarthy,Kevin McCarthy,Kevin McCarthy,Kevin McCarthy,Kevin McCarthy,Kevin McCarthy,Kevin McCarthy,Kevin McCarthy
"Yakym, Rudy",Indiana 2nd,Republican Party,Kevin McCarthy,Kevin McCarthy,Kevin McCarthy,Kevin McCarthy,Kevin McCarthy,Kevin McCarthy,Kevin McCarthy,Kevin McCarthy,Kevin McCarthy,Kevin McCarthy,Kevin McCarthy
"Zinke, Ryan",Montana 1st,Republican Party,Kevin McCarthy,Kevin McCarthy,Kevin McCarthy,Kevin McCarthy,Kevin McCarthy,Kevin McCarthy,Kevin McCarthy,Kevin McCarthy,Kevin McCarthy,Kevin McCarthy,Kevin McCarthy
